e_changed_log_length,e_changed_loc_,e_loc_,e_chang_count_,e_bug_count_,m_MaxCyclomatic,m_SumEssential,m_SumCyclomatic,m_CountLineBlank,m_AvgCyclomatic,m_AvgCyclomaticStrict,m_AvgCyclomaticModified,m_SumCyclomaticStrict,m_CountStmtDecl,m_CountLineCodeExe,m_CountLineComment,m_MaxCyclomaticStrict,m_CountLineCode,m_CountStmtExe,m_MaxCyclomaticModified,m_CountLineCodeDecl,m_CountDeclFunction,m_CountLine,m_CountDeclClass,m_CountStmt,m_SumCyclomaticModified,md_MaxCyclomatic,md_SumEssential,md_SumCyclomatic,md_CountLineBlank,md_AvgCyclomatic,md_AvgCyclomaticStrict,md_AvgCyclomaticModified,md_SumCyclomaticStrict,md_CountStmtDecl,md_CountLineCodeExe,md_CountLineComment,md_MaxCyclomaticStrict,md_CountLineCode,md_CountStmtExe,md_MaxCyclomaticModified,md_CountLineCodeDecl,md_CountDeclFunction,md_CountLine,md_CountStmt,md_SumCyclomaticModified,_class_
113,2,88,4,4,1,1,1,5,1,1,1,1,2,0,72,1,11,0,1,7,1,88,1,2,1,0,0,0,0,0,0,0,0,0,0,0,0,0,0,0,0,0,0,0,0,Y
113,4,192,8,5,4,3,6,15,2,2,2,6,12,15,129,4,48,10,4,23,3,192,1,22,6,0,0,0,0,0,0,0,0,0,0,1,0,-1,0,0,-1,0,0,0,0,Y
113,2,92,4,2,2,3,4,9,1,1,1,4,6,4,60,2,24,4,2,10,3,92,1,10,4,0,0,0,0,0,0,0,0,0,0,1,0,-1,0,0,-1,0,0,0,0,N
113,2,79,4,2,2,1,2,3,2,2,2,2,3,3,56,2,20,3,2,11,1,79,1,6,2,0,0,0,0,0,0,0,0,0,0,0,0,0,0,0,0,0,0,0,0,Y
113,4,126,8,5,1,5,5,13,1,1,1,5,9,5,83,1,31,4,1,14,5,126,1,13,5,0,0,0,0,0,0,0,0,0,0,0,0,0,0,0,0,0,0,0,0,Y
113,2,151,3,3,2,8,9,19,1,1,1,9,14,7,79,2,53,7,2,26,8,151,1,21,9,0,0,0,0,0,0,0,0,0,0,0,0,0,0,0,0,0,0,0,0,Y
113,2,165,4,3,3,9,11,11,1,1,1,11,17,15,86,3,68,15,3,29,9,165,1,32,11,0,0,0,0,0,0,0,0,0,0,0,0,0,0,0,0,0,0,0,0,N
113,6,272,4,4,4,14,16,25,1,1,1,16,22,26,148,4,99,24,4,39,11,272,1,46,16,0,0,0,0,0,0,0,0,0,0,0,0,0,0,0,0,0,0,0,0,Y
113,8,329,18,16,7,23,30,33,2,2,2,34,34,69,123,11,173,65,7,50,13,329,1,99,30,0,0,0,0,0,0,0,0,0,0,1,0,-1,0,0,-1,0,0,0,0,Y
113,13,19,2,1,0,0,0,3,0,0,0,0,1,0,10,0,6,0,0,4,0,19,1,1,0,0,0,0,-3,0,0,0,0,0,0,-3,0,-7,0,0,-7,0,-13,0,0,N
113,13,19,2,1,0,0,0,3,0,0,0,0,1,0,10,0,6,0,0,4,0,19,1,1,0,0,0,0,-3,0,0,0,0,0,0,-3,0,-7,0,0,-7,0,-13,0,0,N
113,6,65,5,1,2,2,3,8,1,1,1,3,6,8,23,2,34,7,2,18,2,65,1,13,3,0,0,0,0,0,0,0,0,0,0,0,0,-4,0,0,-4,0,-4,0,0,N
113,6,31,2,1,0,0,0,7,0,0,0,0,1,0,11,0,13,0,0,11,0,31,1,1,0,0,0,0,0,0,0,0,0,0,0,0,0,-2,0,0,-2,0,-2,0,0,Y
113,7,255,15,10,4,16,22,36,1,1,1,22,42,56,49,4,171,46,4,63,12,255,1,88,22,0,0,0,0,0,0,0,0,0,0,1,0,-2,0,0,-2,0,-1,0,0,Y
113,13,19,2,1,0,0,0,3,0,0,0,0,1,0,10,0,6,0,0,4,0,19,1,1,0,0,0,0,-3,0,0,0,0,0,0,-3,0,-7,0,0,-7,0,-13,0,0,N
113,6,31,2,1,0,0,0,7,0,0,0,0,1,0,11,0,13,0,0,11,0,31,1,1,0,0,0,0,0,0,0,0,0,0,0,0,0,-2,0,0,-2,0,-2,0,0,Y
113,13,19,2,1,0,0,0,3,0,0,0,0,1,0,10,0,6,0,0,4,0,19,1,1,0,0,0,0,-3,0,0,0,0,0,0,-3,0,-7,0,0,-7,0,-13,0,0,N
113,13,19,2,1,0,0,0,3,0,0,0,0,1,0,10,0,6,0,0,4,0,19,1,1,0,0,0,0,-3,0,0,0,0,0,0,-3,0,-7,0,0,-7,0,-13,0,0,N
113,13,19,2,1,0,0,0,3,0,0,0,0,1,0,10,0,6,0,0,4,0,19,1,1,0,0,0,0,-3,0,0,0,0,0,0,-3,0,-7,0,0,-7,0,-13,0,0,N
113,13,19,2,1,0,0,0,3,0,0,0,0,1,0,10,0,6,0,0,4,0,19,1,1,0,0,0,0,-3,0,0,0,0,0,0,-3,0,-7,0,0,-7,0,-13,0,0,N
113,11,68,2,1,2,2,3,9,1,1,1,3,10,8,19,2,40,6,2,22,2,68,1,16,3,0,0,0,-1,0,0,0,0,0,0,2,0,-4,0,0,-4,0,-3,0,0,Y
113,13,19,2,1,0,0,0,3,0,0,0,0,1,0,10,0,6,0,0,4,0,19,1,1,0,0,0,0,-3,0,0,0,0,0,0,-3,0,-7,0,0,-7,0,-13,0,0,N
113,13,19,2,1,0,0,0,3,0,0,0,0,1,0,10,0,6,0,0,4,0,19,1,1,0,0,0,0,-3,0,0,0,0,0,0,-3,0,-7,0,0,-7,0,-13,0,0,N
113,6,123,3,3,3,6,10,18,1,1,1,10,13,18,38,3,67,15,3,24,6,123,2,28,10,0,0,0,0,0,0,0,0,0,0,0,0,-2,0,0,-2,0,-2,0,0,Y
113,6,31,2,1,0,0,0,7,0,0,0,0,1,0,11,0,13,0,0,11,0,31,1,1,0,0,0,0,0,0,0,0,0,0,0,0,0,-2,0,0,-2,0,-2,0,0,Y
113,12,602,25,4,7,29,55,65,2,2,2,59,84,124,159,8,379,108,7,134,20,603,1,192,55,0,0,0,0,0,0,0,0,0,0,1,0,-3,0,0,-3,0,-2,0,0,N
113,4,82,5,4,2,4,6,13,1,1,1,6,10,8,27,2,42,8,2,20,4,82,1,18,6,0,0,0,0,0,0,0,0,0,0,2,0,-2,0,0,-2,0,0,0,0,Y
113,7,30,2,1,0,0,0,7,0,0,0,0,1,0,11,0,12,0,0,10,0,30,1,1,0,0,0,0,0,0,0,0,0,0,0,0,0,-3,0,0,-3,0,-3,0,0,Y
113,6,80,3,2,3,3,6,17,2,2,2,7,6,13,18,3,45,12,3,16,3,80,1,18,6,0,0,0,0,0,0,0,0,0,0,0,0,-2,0,0,-2,0,-2,0,0,Y
113,10,157,4,3,2,8,13,23,1,2,1,18,14,24,59,3,75,24,2,23,8,157,1,38,13,0,0,0,0,0,0,0,0,0,0,3,0,-3,0,0,-3,0,0,0,0,Y
113,7,468,8,7,14,27,59,47,3,3,3,62,85,129,33,16,389,113,14,121,18,468,2,198,59,0,0,0,0,0,0,0,0,0,0,1,0,-2,0,0,-2,0,-1,0,0,Y
113,6,31,2,1,0,0,0,7,0,0,0,0,1,0,11,0,13,0,0,11,0,31,1,1,0,0,0,0,0,0,0,0,0,0,0,0,0,-2,0,0,-2,0,-2,0,0,Y
113,7,283,13,8,4,26,29,36,1,1,1,33,39,46,76,5,171,42,4,67,19,283,1,81,29,0,0,0,0,0,0,0,0,0,0,1,0,-2,0,0,-2,0,-1,0,0,Y
113,6,31,2,1,0,0,0,7,0,0,0,0,1,0,11,0,13,0,0,11,0,31,1,1,0,0,0,0,0,0,0,0,0,0,0,0,0,-2,0,0,-2,0,-2,0,0,Y
113,13,19,2,1,0,0,0,3,0,0,0,0,1,0,10,0,6,0,0,4,0,19,1,1,0,0,0,0,-3,0,0,0,0,0,0,-3,0,-7,0,0,-7,0,-13,0,0,N
113,13,19,2,1,0,0,0,3,0,0,0,0,1,0,10,0,6,0,0,4,0,19,1,1,0,0,0,0,-3,0,0,0,0,0,0,-3,0,-7,0,0,-7,0,-13,0,0,N
113,7,53,3,1,0,0,0,10,0,0,0,0,1,0,31,0,12,0,0,10,0,53,1,1,0,0,0,0,0,0,0,0,0,0,0,0,0,-3,0,0,-3,0,-3,0,0,Y
113,10,118,3,0,2,2,4,11,2,2,2,4,7,13,64,2,43,10,2,16,2,118,1,17,4,0,0,0,-1,0,0,0,0,0,0,-1,0,-2,0,0,-2,0,-4,0,0,N
113,13,22,3,1,0,0,0,3,0,0,0,0,4,0,10,0,9,0,0,7,0,22,1,4,0,0,0,0,-3,0,0,0,0,0,0,-3,0,-7,0,0,-7,0,-13,0,0,N
113,4,25,1,0,1,1,1,4,1,1,1,1,2,1,10,1,11,1,1,6,1,25,1,3,1,0,0,0,0,0,0,0,0,0,0,0,0,0,0,0,0,0,0,0,0,N
113,13,19,2,1,0,0,0,3,0,0,0,0,1,0,10,0,6,0,0,4,0,19,1,1,0,0,0,0,-3,0,0,0,0,0,0,-3,0,-7,0,0,-7,0,-13,0,0,N
113,13,19,2,1,0,0,0,3,0,0,0,0,1,0,10,0,6,0,0,4,0,19,1,1,0,0,0,0,-3,0,0,0,0,0,0,-3,0,-7,0,0,-7,0,-13,0,0,N
113,13,19,2,1,0,0,0,3,0,0,0,0,1,0,10,0,6,0,0,4,0,19,1,1,0,0,0,0,-3,0,0,0,0,0,0,-3,0,-7,0,0,-7,0,-13,0,0,N
113,10,570,27,15,6,36,58,70,2,2,2,69,108,101,117,12,384,91,6,159,29,570,2,199,58,0,0,0,0,0,0,0,0,0,0,1,0,-1,0,0,-1,0,0,0,0,Y
113,6,31,2,1,0,0,0,7,0,0,0,0,1,0,11,0,13,0,0,11,0,31,1,1,0,0,0,0,0,0,0,0,0,0,0,0,0,-2,0,0,-2,0,-2,0,0,Y
113,5,30,2,1,0,0,0,7,0,0,0,0,1,0,11,0,12,0,0,10,0,30,1,1,0,0,0,0,0,0,0,0,0,0,0,0,0,-3,0,0,-3,0,-3,0,0,Y
113,6,31,1,1,0,0,0,7,0,0,0,0,1,0,11,0,13,0,0,11,0,31,1,1,0,0,0,0,0,0,0,0,0,0,0,0,0,-2,0,0,-2,0,-2,0,0,Y
113,7,55,3,2,1,1,1,9,1,1,1,1,5,4,17,1,29,2,1,21,1,55,1,7,1,0,0,0,0,0,0,0,0,0,0,0,0,-1,0,0,-1,0,-1,0,0,Y
113,13,19,1,1,0,0,0,3,0,0,0,0,1,0,10,0,6,0,0,4,0,19,1,1,0,0,0,0,-3,0,0,0,0,0,0,-3,0,-7,0,0,-7,0,-13,0,0,N
113,13,19,1,1,0,0,0,3,0,0,0,0,1,0,10,0,6,0,0,4,0,19,1,1,0,0,0,0,-3,0,0,0,0,0,0,-3,0,-7,0,0,-7,0,-13,0,0,N
113,13,19,1,1,0,0,0,3,0,0,0,0,1,0,10,0,6,0,0,4,0,19,1,1,0,0,0,0,-3,0,0,0,0,0,0,-3,0,-7,0,0,-7,0,-13,0,0,N
113,13,19,1,1,0,0,0,3,0,0,0,0,1,0,10,0,6,0,0,4,0,19,1,1,0,0,0,0,-3,0,0,0,0,0,0,-3,0,-7,0,0,-7,0,-13,0,0,N
113,6,32,1,1,0,0,0,7,0,0,0,0,2,0,11,0,14,0,0,12,0,32,1,2,0,0,0,0,0,0,0,0,0,0,0,0,0,-2,0,0,-2,0,-2,0,0,Y
113,13,19,1,1,0,0,0,3,0,0,0,0,1,0,10,0,6,0,0,4,0,19,1,1,0,0,0,0,-3,0,0,0,0,0,0,-3,0,-7,0,0,-7,0,-13,0,0,N
113,6,31,1,1,0,0,0,7,0,0,0,0,1,0,11,0,13,0,0,11,0,31,1,1,0,0,0,0,0,0,0,0,0,0,0,0,0,-2,0,0,-2,0,-2,0,0,Y
113,8,197,4,1,3,5,10,9,2,2,2,10,13,35,95,3,93,27,3,28,5,197,1,40,10,0,0,0,0,0,0,0,0,0,0,2,0,-2,0,0,-2,0,0,0,0,Y
80,7,332,19,17,7,23,31,33,2,2,2,35,34,71,122,11,177,67,7,50,13,332,1,101,31,0,0,1,0,0,0,0,1,0,2,-1,0,4,2,0,0,0,3,2,1,Y
71,2,364,18,15,13,15,34,34,4,5,4,35,48,85,71,14,259,77,13,96,7,364,1,125,34,0,0,0,0,0,0,0,0,0,0,0,0,0,0,0,0,0,0,0,0,Y
71,1,167,2,1,5,4,10,14,2,2,2,10,19,22,61,5,92,21,5,46,4,167,1,40,10,0,0,0,0,0,0,0,0,0,0,0,0,1,0,0,1,0,1,0,0,Y
67,2,192,9,6,4,3,6,15,2,2,2,6,12,15,128,4,49,10,4,24,3,192,1,22,6,0,0,0,0,0,0,0,0,0,0,-1,0,1,0,0,1,0,0,0,0,Y
67,2,472,17,10,5,22,44,50,2,2,2,49,44,89,158,6,264,75,5,77,22,472,1,119,44,0,0,0,0,0,0,0,0,0,0,0,0,0,0,0,0,0,0,0,0,N
67,2,165,5,3,3,9,11,11,1,1,1,11,17,15,86,3,68,15,3,29,9,165,1,32,11,0,0,0,0,0,0,0,0,0,0,0,0,0,0,0,0,0,0,0,0,Y
67,2,332,20,18,7,23,31,33,2,2,2,35,34,71,122,11,177,67,7,50,13,332,1,101,31,0,0,0,0,0,0,0,0,0,0,0,0,0,0,0,0,0,0,0,0,Y
67,4,67,6,1,2,2,3,8,1,1,1,3,6,8,23,2,36,7,2,20,2,67,1,13,3,0,0,0,0,0,0,0,0,0,0,0,0,2,0,0,2,0,2,0,0,Y
67,3,71,3,2,2,2,3,10,1,1,1,3,10,8,20,2,41,6,2,23,2,71,1,16,3,0,0,0,1,0,0,0,0,0,0,1,0,1,0,0,1,0,3,0,0,N
67,4,602,26,4,7,29,55,65,2,2,2,59,84,124,158,8,380,108,7,135,20,603,1,192,55,0,0,0,0,0,0,0,0,0,0,-1,0,1,0,0,1,0,0,0,0,N
67,4,82,6,5,2,4,6,13,1,1,1,6,10,8,27,2,42,8,2,20,4,82,1,18,6,0,0,0,0,0,0,0,0,0,0,0,0,0,0,0,0,0,0,0,0,Y
67,2,157,5,4,2,8,13,23,1,2,1,18,14,24,59,3,75,24,2,23,8,157,1,38,13,0,0,0,0,0,0,0,0,0,0,0,0,0,0,0,0,0,0,0,0,Y
67,17,121,4,0,0,0,0,11,0,0,0,0,1,0,99,0,11,0,0,9,0,121,1,1,0,-2,-2,-4,0,-2,-2,-2,-4,-6,-13,35,-2,-32,-10,-2,-7,-2,3,-16,-4,N
67,2,25,2,0,1,1,1,4,1,1,1,1,2,1,10,1,11,1,1,6,1,25,1,3,1,0,0,0,0,0,0,0,0,0,0,0,0,0,0,0,0,0,0,0,0,N
67,7,258,1,1,6,5,13,25,2,2,2,14,25,41,108,7,125,31,6,52,5,258,1,56,13,0,0,0,0,0,0,0,0,0,0,1,0,0,0,0,0,0,1,0,0,Y
67,6,353,3,2,6,18,30,38,1,1,1,31,54,74,92,7,224,68,6,74,18,353,2,122,30,0,0,0,0,0,0,0,0,0,0,0,0,0,0,0,0,0,0,0,0,Y
67,2,84,1,1,1,1,1,5,1,1,1,1,5,7,52,1,27,5,1,10,1,84,1,10,1,0,0,0,0,0,0,0,0,0,0,1,0,-1,0,0,-1,0,0,0,0,N
67,2,101,1,1,1,4,4,11,1,1,1,4,11,0,69,1,21,0,1,19,4,101,1,11,4,0,0,0,0,0,0,0,0,0,0,0,0,0,0,0,0,0,0,0,0,Y
67,9,352,2,2,12,14,39,37,3,4,3,47,57,85,62,17,253,71,12,78,11,352,1,128,39,0,0,0,0,0,0,0,0,0,0,0,0,-1,0,0,-1,0,-1,0,0,Y
67,2,146,4,3,3,7,8,12,1,1,1,8,13,17,66,3,69,13,3,30,5,146,1,26,8,0,0,0,0,0,0,0,0,0,0,0,0,0,0,0,0,0,0,0,0,Y
67,4,191,4,3,7,14,17,16,2,2,2,17,21,34,78,7,97,31,7,39,8,191,1,52,17,0,0,0,0,0,0,0,0,0,0,0,0,0,0,0,0,0,0,0,0,Y
67,6,162,4,4,1,22,22,34,1,1,1,22,23,0,92,1,36,0,1,34,22,162,1,23,22,0,0,0,0,0,0,0,0,0,0,0,0,0,0,0,0,0,0,0,0,Y
67,2,88,3,3,1,3,3,11,1,1,1,3,9,0,59,1,18,0,1,16,3,88,1,9,3,0,0,0,0,0,0,0,0,0,0,0,0,0,0,0,0,0,0,0,0,Y
67,2,291,1,1,3,11,15,22,2,2,2,15,11,43,148,3,121,35,3,34,7,291,1,46,15,0,0,0,0,0,0,0,0,0,0,0,0,0,0,0,0,0,0,0,0,Y
67,15,198,5,2,3,5,10,9,2,2,2,10,13,36,95,3,94,27,3,28,5,198,1,40,10,0,0,0,0,0,0,0,0,0,1,0,0,1,0,0,0,0,1,0,0,Y
371,6,283,9,6,10,8,20,27,2,2,2,22,36,40,96,12,160,36,10,76,8,283,1,72,20,0,0,0,0,0,0,0,0,0,0,0,0,0,0,0,0,0,0,0,0,Y
371,7,255,2,2,5,5,13,21,2,2,2,14,23,25,124,6,110,25,5,57,5,255,1,48,13,0,0,0,0,0,0,0,0,0,0,0,0,-1,0,0,-1,0,-1,0,0,Y
371,1,145,1,1,3,4,7,13,1,1,1,7,10,17,71,3,61,15,3,24,4,145,1,25,7,0,0,0,0,0,0,0,0,0,0,0,0,-1,0,0,-1,0,-1,0,0,N
371,1,365,19,16,13,15,34,34,4,5,4,35,48,85,71,14,260,77,13,97,7,365,1,125,34,0,0,0,0,0,0,0,0,0,0,0,0,1,0,0,1,0,1,0,0,Y
371,2,332,21,19,7,23,31,33,2,2,2,35,34,71,122,11,177,67,7,50,13,332,1,101,31,0,0,0,0,0,0,0,0,0,0,0,0,0,0,0,0,0,0,0,0,Y
73,4,332,22,20,7,23,31,33,2,2,2,35,34,71,122,11,177,67,7,50,13,332,1,101,31,0,0,0,0,0,0,0,0,0,0,0,0,0,0,0,0,0,0,0,0,Y
20,14,96,7,6,2,5,7,15,1,1,1,7,12,9,33,2,48,9,2,23,5,96,1,21,7,0,1,1,2,0,0,0,1,2,1,6,0,6,1,0,3,1,14,3,1,N
20,15,46,3,2,1,1,1,9,1,1,1,1,3,1,17,1,20,1,1,15,1,46,1,4,1,1,1,1,2,1,1,1,1,2,1,6,1,7,1,1,4,1,15,3,1,Y
98,4,94,8,6,2,5,7,15,1,1,1,7,12,9,31,2,48,9,2,23,5,94,1,21,7,0,0,0,0,0,0,0,0,0,0,-2,0,0,0,0,0,0,-2,0,0,Y
65,123,246,3,2,5,10,20,21,2,2,2,21,42,42,64,6,161,40,5,79,8,246,1,82,20,0,6,10,7,0,0,0,11,23,20,3,1,69,19,0,33,4,79,42,10,Y
65,10,572,28,16,6,36,59,69,2,2,2,70,109,103,117,12,387,93,6,160,29,572,2,202,59,0,0,1,-1,0,0,0,1,1,2,0,0,3,2,0,1,0,2,3,1,Y
133,11,14,3,0,0,0,0,2,0,0,0,0,1,0,5,0,7,0,0,5,0,14,1,1,0,-1,-1,-1,-2,-1,-1,-1,-1,-1,-1,-5,-1,-4,-1,-1,-1,-1,-11,-2,-1,N
76,50,71,5,0,0,0,0,7,0,0,0,0,1,0,53,0,11,0,0,9,0,71,1,1,0,0,0,0,-4,0,0,0,0,0,0,-46,0,0,0,0,0,0,-50,0,0,N
113,12,361,20,17,13,15,34,30,4,5,4,36,48,85,71,15,260,76,13,97,7,361,1,124,34,0,0,0,-4,0,0,0,1,0,0,0,1,0,-1,0,0,0,-4,-1,0,Y
988,5,256,3,3,5,5,13,21,2,2,2,14,23,25,124,6,111,25,5,58,5,256,1,48,13,0,0,0,0,0,0,0,0,0,0,0,0,1,0,0,1,0,1,0,0,N
988,5,144,2,1,3,4,7,12,1,1,1,7,10,17,71,3,61,15,3,24,4,144,1,25,7,0,0,0,-1,0,0,0,0,0,0,0,0,0,0,0,0,0,-1,0,0,N
988,7,126,4,3,3,5,5,9,1,1,1,5,7,13,70,3,47,11,3,22,3,126,1,18,5,0,0,0,0,0,0,0,0,0,0,0,0,1,0,0,1,0,1,0,0,Y
988,3,360,21,18,13,15,34,30,4,5,4,36,48,85,71,15,259,76,13,96,7,360,1,124,34,0,0,0,0,0,0,0,0,0,0,0,0,-1,0,0,-1,0,-1,0,0,N
988,6,138,7,5,4,3,6,8,2,2,2,6,9,16,70,4,61,12,4,27,3,138,1,21,6,0,0,0,0,0,0,0,0,0,0,0,0,0,0,0,0,0,0,0,0,N
988,3,214,4,3,5,5,9,20,1,1,1,9,16,14,107,5,87,13,5,51,5,214,1,29,9,0,0,0,0,0,0,0,0,0,0,0,0,-1,0,0,-1,0,-1,0,0,N
988,9,152,4,4,2,8,9,20,1,1,1,9,14,7,79,2,53,7,2,26,8,152,1,21,9,0,0,0,1,0,0,0,0,0,0,0,0,0,0,0,0,0,1,0,0,Y
988,2,472,18,10,5,22,44,50,2,2,2,49,44,89,158,6,264,75,5,77,22,472,1,119,44,0,0,0,0,0,0,0,0,0,0,0,0,0,0,0,0,0,0,0,0,Y
988,33,170,6,4,3,9,11,12,1,1,1,11,17,15,87,3,71,15,3,32,9,170,1,32,11,0,0,0,1,0,0,0,0,0,0,1,0,3,0,0,3,0,5,0,0,Y
988,4,272,5,5,4,14,16,25,1,1,1,16,22,26,148,4,99,24,4,39,11,272,1,46,16,0,0,0,0,0,0,0,0,0,0,0,0,0,0,0,0,0,0,0,0,Y
988,297,75,23,21,1,8,8,5,1,1,1,8,9,0,50,1,20,0,1,18,8,75,1,9,8,-6,-15,-23,-28,-1,-1,-1,-27,-25,-71,-72,-10,-157,-67,-6,-32,-5,-257,-92,-23,Y
988,16,612,27,4,7,30,56,66,2,2,2,60,85,123,165,8,382,107,7,136,21,613,1,192,56,0,1,1,1,0,0,0,1,1,-1,7,0,2,-1,0,1,1,10,0,1,N
988,9,579,29,17,6,37,60,70,2,2,2,71,110,104,117,12,393,94,6,163,30,579,2,204,60,0,1,1,1,0,0,0,1,1,1,0,0,6,1,0,3,1,7,2,1,Y
988,22,176,5,5,1,27,27,37,1,1,1,27,28,0,92,1,47,0,1,45,27,176,1,28,27,0,5,5,3,0,0,0,5,5,0,0,0,11,0,0,11,5,14,5,5,Y
988,4,198,6,3,3,5,10,9,2,2,2,10,13,36,95,3,94,27,3,28,5,198,1,40,10,0,0,0,0,0,0,0,0,0,0,0,0,0,0,0,0,0,0,0,0,N
193,3,273,6,6,4,14,16,25,1,1,1,16,22,26,148,4,100,24,4,40,11,273,1,46,16,0,0,0,0,0,0,0,0,0,0,0,0,1,0,0,1,0,1,0,0,Y
193,3,332,1,1,7,23,31,31,2,2,2,35,34,71,122,11,179,67,7,52,13,332,1,101,31,0,0,0,0,0,0,0,0,0,0,0,0,1,0,0,1,0,1,0,0,Y
193,11,617,28,4,7,31,57,67,2,2,2,61,86,124,165,8,386,108,7,137,22,618,1,194,57,0,1,1,1,0,0,0,1,1,1,0,0,4,1,0,1,1,5,2,1,N
193,4,468,9,8,14,27,59,47,3,3,3,62,85,129,32,16,390,113,14,122,18,468,2,198,59,0,0,0,0,0,0,0,0,0,0,-1,0,1,0,0,1,0,0,0,0,Y
193,6,182,6,6,1,29,29,39,1,1,1,29,30,0,92,1,51,0,1,49,29,182,1,30,29,0,2,2,2,0,0,0,2,2,0,0,0,4,0,0,4,2,6,2,2,Y
88,3,292,2,2,3,11,15,23,2,2,2,15,11,43,148,3,121,35,3,34,7,292,1,46,15,0,0,0,1,0,0,0,0,0,0,0,0,0,0,0,0,0,1,0,0,Y
69,13,260,7,7,4,12,14,22,1,1,1,14,18,24,148,4,90,22,4,36,9,260,1,40,14,0,-2,-2,-3,0,0,0,-2,-4,-2,0,0,-10,-2,0,-4,-2,-13,-6,-2,N
81,1,76,24,22,1,9,9,5,1,1,1,9,10,0,50,1,21,0,1,19,9,76,1,10,9,0,1,1,0,0,0,0,1,1,0,0,0,1,0,0,1,1,1,1,1,N
81,5,120,10,1,0,0,0,15,0,0,0,0,13,0,89,0,16,0,0,14,0,120,1,13,0,0,0,0,1,0,0,0,0,1,0,3,0,1,0,0,1,0,5,1,0,N
258,13,367,22,18,13,15,35,30,5,5,5,37,48,88,71,15,266,77,13,96,7,367,1,125,35,0,0,1,0,1,0,1,1,0,3,0,0,7,1,0,0,0,7,1,1,Y
258,22,639,29,4,7,33,59,69,2,2,2,63,88,126,177,8,394,110,7,139,24,640,1,198,59,0,2,2,2,0,0,0,2,2,2,12,0,8,2,0,2,2,22,4,2,N
258,33,610,30,18,6,37,62,72,2,2,2,75,114,117,120,12,419,104,6,170,30,610,2,218,62,0,0,2,2,0,0,0,4,4,13,3,0,26,10,0,7,0,31,14,2,Y
294,240,440,4,3,12,21,37,37,3,4,3,41,76,110,83,14,320,100,12,126,10,440,1,176,37,7,11,17,16,1,2,1,20,34,68,19,8,159,60,7,47,2,194,94,17,Y
82,4,259,16,11,4,17,23,36,1,1,1,23,43,57,49,4,175,47,4,64,13,259,1,90,23,0,1,1,0,0,0,0,1,1,1,0,0,4,1,0,1,1,4,2,1,N
111,12,295,14,9,4,27,31,37,1,1,1,35,41,49,80,5,178,45,4,69,20,295,1,86,31,0,1,2,1,0,0,0,2,2,3,4,0,7,3,0,2,1,12,5,2,Y
111,16,620,31,19,6,37,63,75,2,2,2,76,116,119,120,12,426,106,6,175,30,620,2,222,63,0,0,1,3,0,0,0,1,2,2,0,0,7,2,0,5,0,10,4,1,Y
45,48,458,5,4,13,21,40,38,4,4,4,42,79,118,82,14,338,110,13,130,10,458,1,189,40,1,0,3,1,1,0,1,1,3,8,-1,0,18,10,1,4,0,18,13,3,Y
158,2,78,25,22,1,11,11,5,1,1,1,11,12,0,50,1,23,0,1,21,11,78,1,12,11,0,2,2,0,0,0,0,2,2,0,0,0,2,0,0,2,2,2,2,2,Y
158,25,357,2,2,7,25,35,34,2,2,2,39,38,79,122,11,201,74,7,56,15,357,1,112,35,0,2,4,3,0,0,0,4,4,8,0,0,22,7,0,4,2,25,11,4,Y
216,153,448,23,19,13,18,40,40,4,4,4,42,63,111,77,15,331,89,13,124,10,448,1,152,40,0,3,5,10,-1,-1,-1,5,15,23,6,0,65,12,0,28,3,81,27,5,Y
464,24,111,4,2,3,5,5,5,1,1,1,5,6,9,71,3,35,8,3,12,3,111,1,14,5,0,0,0,1,0,0,0,0,0,0,-1,0,-4,0,0,-4,0,-4,0,0,Y
464,20,96,4,1,2,3,4,6,1,1,1,4,4,6,64,2,26,5,2,8,3,96,1,9,4,0,0,0,1,0,0,0,0,0,0,-1,0,-6,0,0,-6,0,-6,0,0,N
464,33,280,10,7,10,8,20,28,2,2,2,22,36,40,95,12,157,36,10,73,8,280,1,72,20,0,0,0,1,0,0,0,0,0,0,-1,0,-3,0,0,-3,0,-3,0,0,Y
464,27,255,4,3,5,5,13,22,2,2,2,14,23,25,123,6,110,25,5,57,5,255,1,48,13,0,0,0,1,0,0,0,0,0,0,-1,0,-1,0,0,-1,0,-1,0,0,N
464,21,141,3,1,3,4,7,13,1,1,1,7,10,17,70,3,58,15,3,21,4,141,1,25,7,0,0,0,1,0,0,0,0,0,0,-1,0,-3,0,0,-3,0,-3,0,0,N
464,28,88,3,2,2,2,3,6,1,1,1,3,3,6,61,2,20,5,2,9,2,87,1,8,3,0,0,0,-2,0,0,0,0,0,0,-2,0,-10,0,0,-10,0,-14,0,0,Y
464,17,79,3,0,1,2,2,5,1,1,1,2,3,2,58,1,15,1,1,8,2,78,1,4,2,0,0,0,1,0,0,0,0,0,0,-1,0,-3,0,0,-3,0,-3,0,0,N
464,30,161,11,7,4,5,7,9,2,2,2,7,9,19,91,4,61,16,4,24,3,161,1,25,7,0,0,0,1,0,0,0,0,-1,-14,16,0,-21,-6,0,-7,0,-4,-7,0,Y
464,23,119,5,4,3,5,5,9,1,1,1,5,7,13,69,3,41,11,3,16,3,119,1,18,5,0,0,0,0,0,0,0,0,0,0,-1,0,-6,0,0,-6,0,-7,0,0,Y
464,22,189,10,7,5,7,9,18,2,2,2,10,14,31,77,5,95,27,5,37,4,190,1,41,9,0,0,0,2,0,0,0,0,0,0,-1,0,-1,0,0,-1,0,0,0,0,Y
464,21,83,2,1,1,2,2,5,1,1,1,2,3,6,57,1,20,6,1,9,2,82,1,9,2,0,0,0,1,0,0,0,0,0,0,-1,0,-7,0,0,-7,0,-7,0,0,Y
464,40,448,24,20,13,18,40,42,4,4,4,42,63,111,76,15,330,89,13,123,10,448,1,152,40,0,0,0,2,0,0,0,0,0,0,-1,0,-1,0,0,-1,0,0,0,0,Y
464,25,131,8,5,4,3,6,8,2,2,2,6,9,16,69,4,55,12,4,21,3,131,1,21,6,0,0,0,0,0,0,0,0,0,0,-1,0,-6,0,0,-6,0,-7,0,0,Y
464,45,457,6,5,13,21,40,39,4,4,4,42,79,118,81,14,337,110,13,129,10,457,1,189,40,0,0,0,1,0,0,0,0,0,0,-1,0,-1,0,0,-1,0,-1,0,0,Y
464,33,213,5,3,5,5,9,22,1,1,1,9,16,14,106,5,85,13,5,49,5,213,1,29,9,0,0,0,2,0,0,0,0,0,0,-1,0,-2,0,0,-2,0,-1,0,0,Y
464,25,98,3,2,2,2,3,11,1,1,1,3,3,7,62,2,25,5,2,10,2,98,1,8,3,0,0,0,-2,0,0,0,0,0,0,-1,0,-6,0,0,-6,0,-9,0,0,N
464,22,83,5,1,1,2,2,7,1,1,1,2,4,2,59,1,17,2,1,11,2,83,1,6,2,0,0,0,1,0,0,0,0,0,0,-1,0,-6,0,0,-6,0,-6,0,0,N
464,34,90,3,1,2,2,3,6,1,1,1,3,3,7,61,2,23,5,2,10,2,90,1,8,3,0,0,0,-2,0,0,0,0,0,1,-2,0,-8,0,0,-9,0,-12,0,0,N
464,27,103,3,1,2,2,3,7,1,2,1,4,6,9,62,3,34,5,2,17,2,103,1,11,3,0,0,0,-2,0,0,0,0,0,0,-1,0,-4,0,0,-4,0,-7,0,0,Y
464,25,82,9,0,1,1,1,5,1,1,1,1,2,0,66,1,11,0,1,7,1,82,1,2,1,0,0,0,-2,0,0,0,0,0,0,-2,0,-3,0,0,-3,0,-7,0,0,Y
464,5,56,2,0,0,0,0,2,0,0,0,0,1,0,50,0,4,0,0,2,0,56,1,1,0,0,0,0,0,0,0,0,0,0,0,0,0,1,0,0,-1,0,1,0,0,N
464,9,89,5,2,2,3,4,8,1,1,1,4,6,4,60,2,22,4,2,8,3,89,1,10,4,0,0,0,-1,0,0,0,0,0,0,0,0,-2,0,0,-2,0,-3,0,0,N
464,3,76,5,3,2,1,2,3,2,2,2,2,3,3,56,2,17,3,2,8,1,76,1,6,2,0,0,0,0,0,0,0,0,0,0,0,0,-3,0,0,-3,0,-3,0,0,N
464,12,154,5,5,2,8,9,21,1,1,1,9,13,7,83,2,50,7,2,23,8,154,1,20,9,0,0,0,1,0,0,0,0,-1,0,4,0,-3,0,0,-3,0,2,-1,0,Y
464,19,483,19,11,5,22,44,50,2,2,2,49,44,89,158,6,275,75,5,88,22,483,1,119,44,0,0,0,0,0,0,0,0,0,0,0,0,11,0,0,11,0,11,0,0,Y
464,14,170,7,5,3,9,11,11,1,1,1,11,17,15,87,3,72,15,3,33,9,170,1,32,11,0,0,0,-1,0,0,0,0,0,0,0,0,1,0,0,1,0,0,0,0,Y
464,2,78,26,23,1,11,11,5,1,1,1,11,12,0,50,1,23,0,1,21,11,78,1,12,11,0,0,0,0,0,0,0,0,0,0,0,0,0,0,0,0,0,0,0,0,Y
464,24,363,3,3,7,25,35,35,2,2,2,39,38,79,119,11,209,74,7,64,15,363,1,112,35,0,0,0,1,0,0,0,0,0,0,-3,0,8,0,0,8,0,6,0,0,Y
464,92,659,30,4,7,33,59,67,2,2,2,63,88,126,201,8,392,110,7,137,24,660,1,198,59,0,0,0,-2,0,0,0,0,0,0,24,0,-2,0,0,-2,0,20,0,0,Y
464,49,340,15,10,4,27,31,39,1,1,1,35,41,49,124,5,177,45,4,68,20,340,1,86,31,0,0,0,2,0,0,0,0,0,0,44,0,-1,0,0,-1,0,45,0,0,N
464,66,666,32,20,6,37,63,76,2,2,2,76,116,119,165,12,426,106,6,175,30,666,2,222,63,0,0,0,1,0,0,0,0,0,0,45,0,0,0,0,0,0,46,0,0,Y
464,2,82,2,1,1,1,1,5,1,1,1,1,5,7,51,1,26,5,1,9,1,82,1,10,1,0,0,0,0,0,0,0,0,0,0,-1,0,-1,0,0,-1,0,-2,0,0,N
464,72,400,3,3,12,14,39,39,3,4,3,47,57,85,108,17,253,71,12,78,11,400,1,128,39,0,0,0,2,0,0,0,0,0,0,46,0,0,0,0,0,0,48,0,0,Y
464,2,170,4,3,1,9,9,17,1,1,1,9,11,14,99,1,54,14,1,20,9,170,1,25,9,0,0,0,0,0,0,0,0,0,0,0,0,0,0,0,0,0,0,0,0,N
464,2,191,5,4,7,14,17,16,2,2,2,17,21,34,78,7,97,31,7,39,8,191,1,52,17,0,0,0,0,0,0,0,0,0,0,0,0,0,0,0,0,0,0,0,0,N
464,2,182,7,7,1,29,29,39,1,1,1,29,30,0,92,1,51,0,1,49,29,182,1,30,29,0,0,0,0,0,0,0,0,0,0,0,0,0,0,0,0,0,0,0,0,Y
464,18,78,4,2,1,1,1,6,1,1,1,1,2,3,57,1,15,2,1,8,1,78,1,4,1,0,0,0,1,0,0,0,0,-1,1,-1,0,-2,0,0,-3,0,-2,-1,0,Y
464,9,199,7,3,3,5,10,9,2,2,2,10,13,36,93,3,97,27,3,31,5,199,1,40,10,0,0,0,0,0,0,0,0,0,0,-2,0,3,0,0,3,0,1,0,0,Y
464,6,199,2,1,1,10,10,20,1,1,1,10,12,9,127,1,52,9,1,21,10,199,1,21,10,0,0,0,-1,0,0,0,0,0,0,1,0,-2,0,0,-2,0,-2,0,0,N
464,1,225,2,1,2,5,7,10,1,1,1,7,9,15,162,2,53,12,2,18,5,225,1,21,7,0,0,0,0,0,0,0,0,0,0,0,0,-1,0,0,-1,0,-1,0,0,N
21,45,528,20,12,5,24,49,54,2,2,2,55,48,99,167,6,307,83,5,96,24,528,1,131,49,0,2,5,4,0,0,0,6,4,10,9,0,32,8,0,8,2,45,12,5,Y
125,2,528,21,13,5,24,49,54,2,2,2,55,48,98,168,6,306,82,5,96,24,528,1,130,49,0,0,0,0,0,0,0,0,0,-1,1,0,-1,-1,0,0,0,0,-1,0,Y
58,11,222,6,4,6,5,10,24,2,2,2,10,19,16,106,6,92,15,6,52,5,222,1,34,10,1,0,1,2,1,1,1,1,3,2,0,1,7,2,1,3,0,9,5,1,Y
25,8,54,4,3,1,2,2,10,1,1,1,2,4,2,20,1,24,2,1,16,2,54,1,6,2,0,1,1,1,0,0,0,1,1,1,3,0,4,1,0,1,1,8,2,1,N
136,2,528,22,14,5,24,49,54,2,2,2,55,48,99,167,6,307,83,5,96,24,528,1,131,49,0,0,0,0,0,0,0,0,0,1,-1,0,1,1,0,0,0,0,1,0,N
138,3,529,23,14,5,24,49,54,2,2,2,55,48,99,167,6,308,83,5,97,24,529,1,131,49,0,0,0,0,0,0,0,0,0,0,0,0,1,0,0,1,0,1,0,0,N
94,4,668,33,21,6,37,63,76,2,2,2,76,116,119,165,12,428,106,6,177,30,668,2,222,63,0,0,0,0,0,0,0,0,0,0,0,0,2,0,0,2,0,2,0,0,Y
112,251,504,7,6,14,16,41,45,4,4,4,44,81,132,98,16,361,117,14,127,10,504,1,198,41,1,-5,1,6,0,0,0,2,2,14,17,2,24,7,1,-2,0,47,9,1,Y
75,3,503,8,7,14,16,41,45,4,4,4,44,81,131,98,16,360,116,14,127,10,503,1,197,41,0,0,0,0,0,0,0,0,0,-1,0,0,-1,-1,0,0,0,-1,-1,0,N
134,34,397,4,4,7,26,39,38,2,2,2,43,44,87,124,11,235,81,7,74,16,397,1,125,39,0,1,4,3,0,0,0,4,6,8,5,0,26,7,0,10,1,34,13,4,N
170,6,280,11,8,10,8,20,28,2,2,2,22,36,40,95,12,157,36,10,73,8,280,1,72,20,0,0,0,0,0,0,0,0,0,0,0,0,0,0,0,0,0,0,0,0,Y
170,2,255,5,3,5,5,13,22,2,2,2,14,23,25,123,6,110,25,5,57,5,255,1,48,13,0,0,0,0,0,0,0,0,0,0,0,0,0,0,0,0,0,0,0,0,N
170,2,88,4,3,2,2,3,6,1,1,1,3,3,6,61,2,20,5,2,9,2,87,1,8,3,0,0,0,0,0,0,0,0,0,0,0,0,0,0,0,0,0,0,0,0,Y
170,6,161,12,8,4,5,7,9,2,2,2,7,9,19,91,4,61,16,4,24,3,161,1,25,7,0,0,0,0,0,0,0,0,0,0,0,0,0,0,0,0,0,0,0,0,N
170,6,119,6,5,3,5,5,9,1,1,1,5,7,13,69,3,41,11,3,16,3,119,1,18,5,0,0,0,0,0,0,0,0,0,0,0,0,0,0,0,0,0,0,0,0,Y
170,6,189,11,8,5,7,9,18,2,2,2,10,14,31,77,5,95,27,5,37,4,190,1,41,9,0,0,0,0,0,0,0,0,0,0,0,0,0,0,0,0,0,0,0,0,Y
170,8,448,25,21,13,18,40,42,4,4,4,42,63,111,76,15,330,89,13,123,10,448,1,152,40,0,0,0,0,0,0,0,0,0,0,0,0,0,0,0,0,0,0,0,0,Y
170,8,131,9,6,4,3,6,8,2,2,2,6,9,16,69,4,55,12,4,21,3,131,1,21,6,0,0,0,0,0,0,0,0,0,0,0,0,0,0,0,0,0,0,0,0,Y
170,12,503,9,7,14,16,41,45,4,4,4,44,81,131,98,16,360,116,14,127,10,503,1,197,41,0,0,0,0,0,0,0,0,0,0,0,0,0,0,0,0,0,0,0,0,Y
170,6,222,7,5,6,5,10,24,2,2,2,10,19,16,106,6,92,15,6,52,5,222,1,34,10,0,0,0,0,0,0,0,0,0,0,0,0,0,0,0,0,0,0,0,0,Y
170,2,107,1,1,1,4,4,8,1,1,1,4,1,4,78,1,21,4,1,7,4,107,1,5,4,0,0,0,0,0,0,0,0,0,0,0,0,0,0,0,0,0,0,0,0,N
170,2,146,5,4,3,7,8,12,1,1,1,8,13,17,66,3,69,13,3,30,5,146,1,26,8,0,0,0,0,0,0,0,0,0,0,0,0,0,0,0,0,0,0,0,0,N
170,11,79,5,3,1,1,1,6,1,1,1,1,2,3,57,1,16,2,1,9,1,79,1,4,1,0,0,0,0,0,0,0,0,0,0,0,0,1,0,0,1,0,1,0,0,Y
81,2,161,13,8,4,5,7,9,2,2,2,7,9,19,91,4,61,16,4,24,3,161,1,25,7,0,0,0,0,0,0,0,0,0,0,0,0,0,0,0,0,0,0,0,0,N
81,13,190,12,9,5,7,9,18,2,2,2,10,14,31,77,5,96,27,5,38,4,191,1,41,9,0,0,0,0,0,0,0,0,0,0,0,0,1,0,0,1,0,1,0,0,Y
81,3,82,3,2,1,2,2,5,1,1,1,2,3,6,57,1,20,6,1,8,2,82,1,9,2,0,0,0,0,0,0,0,0,0,0,0,0,0,0,0,-1,0,0,0,0,N
81,2,131,10,7,4,3,6,8,2,2,2,6,9,16,69,4,55,12,4,21,3,131,1,21,6,0,0,0,0,0,0,0,0,0,0,0,0,0,0,0,0,0,0,0,0,N
81,2,503,10,8,14,16,41,45,4,4,4,44,81,131,98,16,360,116,14,127,10,503,1,197,41,0,0,0,0,0,0,0,0,0,0,0,0,0,0,0,0,0,0,0,0,Y
81,3,221,8,6,6,5,10,24,2,2,2,10,19,16,106,6,91,15,6,51,5,221,1,34,10,0,0,0,0,0,0,0,0,0,0,0,0,-1,0,0,-1,0,-1,0,0,Y
80,3,151,6,6,2,8,9,20,1,1,1,9,13,7,82,2,49,7,2,22,8,151,1,20,9,0,0,0,-1,0,0,0,0,0,0,-1,0,-1,0,0,-1,0,-3,0,0,N
80,2,170,8,6,3,9,11,11,1,1,1,11,17,15,87,3,72,15,3,33,9,170,1,32,11,0,0,0,0,0,0,0,0,0,0,0,0,0,0,0,0,0,0,0,0,N
80,8,262,8,7,4,12,14,22,1,1,1,14,18,24,148,4,92,22,4,38,9,262,1,40,14,0,0,0,0,0,0,0,0,0,0,0,0,2,0,0,2,0,2,0,0,Y
80,4,78,27,24,1,11,11,5,1,1,1,11,12,0,50,1,23,0,1,21,11,78,1,12,11,0,0,0,0,0,0,0,0,0,0,0,0,0,0,0,0,0,0,0,0,Y
80,4,67,7,2,2,2,3,8,1,1,1,3,6,8,23,2,36,7,2,20,2,67,1,13,3,0,0,0,0,0,0,0,0,0,0,0,0,0,0,0,0,0,0,0,0,N
80,4,397,5,4,7,26,39,38,2,2,2,43,44,87,124,11,235,81,7,74,16,397,1,125,39,0,0,0,0,0,0,0,0,0,0,0,0,0,0,0,0,0,0,0,0,Y
80,5,25,3,2,0,0,0,7,0,0,0,0,1,0,11,0,7,0,0,5,0,25,1,1,0,0,0,0,0,0,0,0,0,0,0,0,0,-5,0,0,-5,0,-5,0,0,N
88,2,98,4,2,2,2,3,11,1,1,1,3,3,7,62,2,25,5,2,10,2,98,1,8,3,0,0,0,0,0,0,0,0,0,0,0,0,0,0,0,0,0,0,0,0,N
88,2,90,4,1,2,2,3,6,1,1,1,3,3,7,61,2,23,5,2,10,2,90,1,8,3,0,0,0,0,0,0,0,0,0,0,0,0,0,0,0,0,0,0,0,0,N
88,6,103,4,2,2,2,3,7,1,2,1,4,6,9,62,3,34,5,2,17,2,103,1,11,3,0,0,0,0,0,0,0,0,0,0,0,0,0,0,0,0,0,0,0,0,N
77,4,258,2,2,6,5,13,25,2,2,2,14,25,42,108,7,125,31,6,51,5,258,1,56,13,0,0,0,0,0,0,0,0,0,1,0,0,0,0,0,-1,0,0,0,0,N
77,5,83,3,1,1,1,1,5,1,1,1,1,5,7,51,1,27,5,1,10,1,83,1,10,1,0,0,0,0,0,0,0,0,0,0,0,0,1,0,0,1,0,1,0,0,N
77,2,170,5,3,1,9,9,17,1,1,1,9,11,14,99,1,54,14,1,20,9,170,1,25,9,0,0,0,0,0,0,0,0,0,0,0,0,0,0,0,0,0,0,0,0,Y
275,9,528,24,14,5,24,49,53,2,2,2,55,48,98,168,6,307,82,5,97,24,528,1,130,49,0,0,0,-1,0,0,0,0,0,-1,1,0,-1,-1,0,0,0,-1,-1,0,Y
275,2,122,7,2,1,8,8,10,1,1,1,8,9,0,95,1,17,0,1,15,8,122,1,9,8,0,0,0,0,0,0,0,0,0,0,0,0,0,0,0,0,0,0,0,0,Y
78,2,191,6,4,7,14,17,16,2,2,2,17,21,34,78,7,97,31,7,39,8,191,1,52,17,0,0,0,0,0,0,0,0,0,0,0,0,0,0,0,0,0,0,0,0,Y
78,4,182,8,8,1,29,29,39,1,1,1,29,30,0,92,1,51,0,1,49,29,182,1,30,29,0,0,0,0,0,0,0,0,0,0,0,0,0,0,0,0,0,0,0,0,Y
78,21,293,3,3,3,11,15,23,2,2,2,15,11,43,149,3,121,35,3,34,7,293,1,46,15,0,0,0,0,0,0,0,0,0,0,1,0,0,0,0,0,0,1,0,0,Y
78,13,202,8,4,3,5,10,9,2,2,2,10,13,36,93,3,100,27,3,34,5,202,1,40,10,0,0,0,0,0,0,0,0,0,0,0,0,3,0,0,3,0,3,0,0,Y
78,3,198,3,1,1,10,10,19,1,1,1,10,12,9,127,1,52,9,1,21,10,198,1,21,10,0,0,0,-1,0,0,0,0,0,0,0,0,0,0,0,0,0,-1,0,0,Y
223,17,447,26,22,13,18,40,42,4,4,4,42,62,112,76,15,329,90,13,121,10,447,1,152,40,0,0,0,0,0,0,0,0,-1,1,0,0,-1,1,0,-2,0,-1,0,0,Y
223,11,185,10,7,4,3,6,15,2,2,2,6,12,12,128,4,42,10,4,20,3,185,1,22,6,0,0,0,0,0,0,0,0,0,-3,0,0,-7,0,0,-4,0,-7,0,0,N
223,22,681,31,5,7,34,61,69,2,2,2,65,91,129,206,8,407,113,7,145,25,682,1,204,61,0,1,2,2,0,0,0,2,3,3,5,0,15,3,0,8,1,22,6,2,N
223,18,358,16,10,4,28,34,41,1,1,1,39,43,55,124,5,193,50,4,70,21,358,1,93,34,0,1,3,2,0,0,0,4,2,6,0,0,16,5,0,2,1,18,7,3,Y
223,86,710,34,22,6,38,61,82,1,2,1,74,115,115,207,12,422,102,6,175,31,710,2,217,61,0,1,-2,6,-1,0,-1,-2,-1,-4,42,0,-6,-4,0,-2,1,42,-5,-2,Y
223,9,354,4,3,6,18,30,38,1,1,1,31,54,73,92,7,225,67,6,76,18,354,2,121,30,0,0,0,0,0,0,0,0,0,-1,0,0,1,-1,0,2,0,1,-1,0,N
193,2,161,14,8,4,5,7,9,2,2,2,7,9,19,91,4,61,16,4,24,3,161,1,25,7,0,0,0,0,0,0,0,0,0,0,0,0,0,0,0,0,0,0,0,0,N
193,2,190,13,10,5,7,9,18,2,2,2,10,14,31,77,5,96,27,5,38,4,191,1,41,9,0,0,0,0,0,0,0,0,0,0,0,0,0,0,0,0,0,0,0,0,N
193,2,447,27,23,13,18,40,42,4,4,4,42,62,112,76,15,329,90,13,121,10,447,1,152,40,0,0,0,0,0,0,0,0,0,0,0,0,0,0,0,0,0,0,0,0,N
193,2,131,11,7,4,3,6,8,2,2,2,6,9,16,69,4,55,12,4,21,3,131,1,21,6,0,0,0,0,0,0,0,0,0,0,0,0,0,0,0,0,0,0,0,0,N
193,2,103,5,2,2,2,3,7,1,2,1,4,6,9,62,3,34,5,2,17,2,103,1,11,3,0,0,0,0,0,0,0,0,0,0,0,0,0,0,0,0,0,0,0,0,N
193,2,170,9,6,3,9,11,11,1,1,1,11,17,15,87,3,72,15,3,33,9,170,1,32,11,0,0,0,0,0,0,0,0,0,0,0,0,0,0,0,0,0,0,0,0,N
300,5,89,5,4,2,2,3,6,1,1,1,3,3,6,61,2,22,5,2,10,2,89,1,8,3,0,0,0,0,0,0,0,0,0,0,0,0,2,0,0,1,0,2,0,0,Y
300,8,161,15,8,4,5,7,9,2,2,2,7,9,19,91,4,61,16,4,24,3,161,1,25,7,0,0,0,0,0,0,0,0,0,0,0,0,0,0,0,0,0,0,0,0,Y
300,4,190,14,10,5,7,9,18,2,2,2,10,14,31,77,5,96,27,5,38,4,191,1,41,9,0,0,0,0,0,0,0,0,0,0,0,0,0,0,0,0,0,0,0,0,Y
300,2,82,4,2,1,2,2,5,1,1,1,2,3,6,57,1,20,6,1,8,2,82,1,9,2,0,0,0,0,0,0,0,0,0,0,0,0,0,0,0,0,0,0,0,0,N
300,4,131,12,7,4,3,6,8,2,2,2,6,9,16,69,4,55,12,4,21,3,131,1,21,6,0,0,0,0,0,0,0,0,0,0,0,0,0,0,0,0,0,0,0,0,N
300,4,98,5,2,2,2,3,11,1,1,1,3,3,6,62,2,25,5,2,11,2,98,1,8,3,0,0,0,0,0,0,0,0,0,-1,0,0,0,0,0,1,0,0,0,0,N
300,4,92,5,1,2,2,3,7,1,1,1,3,3,7,61,2,24,5,2,11,2,92,1,8,3,0,0,0,1,0,0,0,0,0,0,0,0,1,0,0,1,0,2,0,0,N
300,6,103,6,2,2,2,3,7,1,2,1,4,6,8,62,3,34,5,2,18,2,103,1,11,3,0,0,0,0,0,0,0,0,0,-1,0,0,0,0,0,1,0,0,0,0,N
300,32,138,10,6,1,8,8,8,1,1,1,8,13,8,81,1,49,8,1,23,8,138,1,21,8,-2,-1,-3,-3,0,0,0,-3,-4,-7,-6,-2,-23,-7,-2,-10,-1,-32,-11,-3,N
300,3,171,6,4,1,9,9,17,1,1,1,9,11,14,99,1,55,14,1,21,9,171,1,25,9,0,0,0,0,0,0,0,0,0,0,0,0,1,0,0,1,0,1,0,0,N
300,59,130,6,4,3,3,6,13,2,2,2,6,8,12,64,3,53,12,3,27,3,130,1,20,6,2,2,5,7,1,1,1,5,6,9,7,2,37,10,2,18,2,51,16,5,Y
113,2,67,8,2,2,2,3,8,1,1,1,3,6,8,23,2,36,7,2,20,2,67,1,13,3,0,0,0,0,0,0,0,0,0,0,0,0,0,0,0,0,0,0,0,0,N
113,2,259,17,11,4,17,23,36,1,1,1,23,43,57,49,4,175,47,4,64,13,259,1,90,23,0,0,0,0,0,0,0,0,0,0,0,0,0,0,0,0,0,0,0,0,N
113,1,29,1,1,0,0,0,5,0,0,0,0,1,0,13,0,11,0,0,9,0,29,1,1,0,0,0,0,0,0,0,0,0,0,0,0,0,-1,0,0,-1,0,-1,0,0,N
113,2,681,32,5,7,34,61,69,2,2,2,65,91,129,206,8,407,113,7,145,25,682,1,204,61,0,0,0,0,0,0,0,0,0,0,0,0,0,0,0,0,0,0,0,0,N
113,1,29,1,1,0,0,0,5,0,0,0,0,1,0,13,0,11,0,0,9,0,29,1,1,0,0,0,0,0,0,0,0,0,0,0,0,0,-1,0,0,-1,0,-1,0,0,N
113,2,55,4,3,1,1,1,9,1,1,1,1,5,4,17,1,29,2,1,21,1,55,1,7,1,0,0,0,0,0,0,0,0,0,0,0,0,0,0,0,0,0,0,0,0,Y
113,1,29,1,1,0,0,0,5,0,0,0,0,1,0,13,0,11,0,0,9,0,29,1,1,0,0,0,0,0,0,0,0,0,0,0,0,0,-1,0,0,-1,0,-1,0,0,N
113,1,29,1,1,0,0,0,5,0,0,0,0,1,0,13,0,11,0,0,9,0,29,1,1,0,0,0,0,0,0,0,0,0,0,0,0,0,-1,0,0,-1,0,-1,0,0,N
113,2,354,5,3,6,18,30,38,1,1,1,31,54,73,92,7,225,67,6,76,18,354,2,121,30,0,0,0,0,0,0,0,0,0,0,0,0,0,0,0,0,0,0,0,0,Y
139,2,111,5,3,3,5,5,5,1,1,1,5,6,9,71,3,35,8,3,12,3,111,1,14,5,0,0,0,0,0,0,0,0,0,0,0,0,0,0,0,0,0,0,0,0,N
139,2,96,5,1,2,3,4,6,1,1,1,4,4,6,64,2,26,5,2,8,3,96,1,9,4,0,0,0,0,0,0,0,0,0,0,0,0,0,0,0,0,0,0,0,0,N
139,2,280,12,9,10,8,20,28,2,2,2,22,36,40,95,12,157,36,10,73,8,280,1,72,20,0,0,0,0,0,0,0,0,0,0,0,0,0,0,0,0,0,0,0,0,N
139,2,255,6,3,5,5,13,22,2,2,2,14,23,25,123,6,110,25,5,57,5,255,1,48,13,0,0,0,0,0,0,0,0,0,0,0,0,0,0,0,0,0,0,0,0,N
139,2,141,4,1,3,4,7,13,1,1,1,7,10,17,70,3,58,15,3,21,4,141,1,25,7,0,0,0,0,0,0,0,0,0,0,0,0,0,0,0,0,0,0,0,0,N
139,2,89,6,5,2,2,3,6,1,1,1,3,3,6,61,2,22,5,2,10,2,89,1,8,3,0,0,0,0,0,0,0,0,0,0,0,0,0,0,0,0,0,0,0,0,Y
139,2,79,4,0,1,2,2,5,1,1,1,2,3,2,58,1,15,1,1,8,2,78,1,4,2,0,0,0,0,0,0,0,0,0,0,0,0,0,0,0,0,0,0,0,0,N
139,2,161,16,9,4,5,7,9,2,2,2,7,9,19,91,4,61,16,4,24,3,161,1,25,7,0,0,0,0,0,0,0,0,0,0,0,0,0,0,0,0,0,0,0,0,Y
139,2,119,7,6,3,5,5,9,1,1,1,5,7,13,69,3,41,11,3,16,3,119,1,18,5,0,0,0,0,0,0,0,0,0,0,0,0,0,0,0,0,0,0,0,0,Y
139,2,190,15,11,5,7,9,18,2,2,2,10,14,31,77,5,96,27,5,38,4,191,1,41,9,0,0,0,0,0,0,0,0,0,0,0,0,0,0,0,0,0,0,0,0,Y
139,2,82,5,2,1,2,2,5,1,1,1,2,3,6,57,1,20,6,1,8,2,82,1,9,2,0,0,0,0,0,0,0,0,0,0,0,0,0,0,0,0,0,0,0,0,Y
139,2,447,28,23,13,18,40,42,4,4,4,42,62,112,76,15,329,90,13,121,10,447,1,152,40,0,0,0,0,0,0,0,0,0,0,0,0,0,0,0,0,0,0,0,0,Y
139,2,131,13,7,4,3,6,8,2,2,2,6,9,16,69,4,55,12,4,21,3,131,1,21,6,0,0,0,0,0,0,0,0,0,0,0,0,0,0,0,0,0,0,0,0,Y
139,2,503,11,9,14,16,41,45,4,4,4,44,81,131,98,16,360,116,14,127,10,503,1,197,41,0,0,0,0,0,0,0,0,0,0,0,0,0,0,0,0,0,0,0,0,Y
139,2,221,9,7,6,5,10,24,2,2,2,10,19,16,106,6,91,15,6,51,5,221,1,34,10,0,0,0,0,0,0,0,0,0,0,0,0,0,0,0,0,0,0,0,0,Y
139,2,98,6,2,2,2,3,11,1,1,1,3,3,6,62,2,25,5,2,11,2,98,1,8,3,0,0,0,0,0,0,0,0,0,0,0,0,0,0,0,0,0,0,0,0,N
139,2,83,6,1,1,2,2,7,1,1,1,2,4,2,59,1,17,2,1,11,2,83,1,6,2,0,0,0,0,0,0,0,0,0,0,0,0,0,0,0,0,0,0,0,0,N
139,2,92,6,1,2,2,3,7,1,1,1,3,3,7,61,2,24,5,2,11,2,92,1,8,3,0,0,0,0,0,0,0,0,0,0,0,0,0,0,0,0,0,0,0,0,N
139,2,103,7,2,2,2,3,7,1,2,1,4,6,8,62,3,34,5,2,18,2,103,1,11,3,0,0,0,0,0,0,0,0,0,0,0,0,0,0,0,0,0,0,0,0,N
139,2,82,10,1,1,1,1,5,1,1,1,1,2,0,66,1,11,0,1,7,1,82,1,2,1,0,0,0,0,0,0,0,0,0,0,0,0,0,0,0,0,0,0,0,0,Y
139,2,88,5,5,1,1,1,5,1,1,1,1,2,0,72,1,11,0,1,7,1,88,1,2,1,0,0,0,0,0,0,0,0,0,0,0,0,0,0,0,0,0,0,0,0,Y
139,2,56,3,0,0,0,0,2,0,0,0,0,1,0,50,0,4,0,0,2,0,56,1,1,0,0,0,0,0,0,0,0,0,0,0,0,0,0,0,0,0,0,0,0,0,Y
139,2,82,4,3,3,1,3,2,3,3,3,3,6,7,53,3,27,6,3,10,1,82,1,12,3,0,0,0,0,0,0,0,0,0,0,0,0,0,0,0,0,0,0,0,0,Y
139,2,185,11,7,4,3,6,15,2,2,2,6,12,12,128,4,42,10,4,20,3,185,1,22,6,0,0,0,0,0,0,0,0,0,0,0,0,0,0,0,0,0,0,0,0,Y
139,2,76,3,3,2,1,2,4,2,2,2,2,5,3,54,2,18,3,2,9,1,76,1,8,2,0,0,0,0,0,0,0,0,0,0,0,0,0,0,0,0,0,0,0,0,Y
139,2,89,6,2,2,3,4,8,1,1,1,4,6,4,60,2,22,4,2,8,3,89,1,10,4,0,0,0,0,0,0,0,0,0,0,0,0,0,0,0,0,0,0,0,0,Y
139,2,76,6,3,2,1,2,3,2,2,2,2,3,3,56,2,17,3,2,8,1,76,1,6,2,0,0,0,0,0,0,0,0,0,0,0,0,0,0,0,0,0,0,0,0,Y
139,2,126,9,6,1,5,5,13,1,1,1,5,9,5,83,1,31,4,1,14,5,126,1,13,5,0,0,0,0,0,0,0,0,0,0,0,0,0,0,0,0,0,0,0,0,Y
139,2,59,4,2,0,0,0,2,0,0,0,0,1,0,52,0,5,0,0,5,0,59,1,1,0,0,0,0,0,0,0,0,0,0,0,0,0,0,0,0,0,0,0,0,0,Y
139,2,151,7,6,2,8,9,20,1,1,1,9,13,7,82,2,49,7,2,22,8,151,1,20,9,0,0,0,0,0,0,0,0,0,0,0,0,0,0,0,0,0,0,0,0,Y
139,2,528,25,15,5,24,49,53,2,2,2,55,48,98,168,6,307,82,5,97,24,528,1,130,49,0,0,0,0,0,0,0,0,0,0,0,0,0,0,0,0,0,0,0,0,N
139,2,76,1,1,1,1,1,4,1,1,1,1,2,0,65,1,7,0,1,5,1,76,1,2,1,0,0,0,0,0,0,0,0,0,0,0,0,0,0,0,0,0,0,0,0,Y
139,2,101,1,1,1,4,4,8,1,1,1,4,5,3,71,1,22,2,1,9,4,101,1,7,4,0,0,0,0,0,0,0,0,0,0,0,0,0,0,0,0,0,0,0,0,Y
139,2,122,8,3,1,8,8,10,1,1,1,8,9,0,95,1,17,0,1,15,8,122,1,9,8,0,0,0,0,0,0,0,0,0,0,0,0,0,0,0,0,0,0,0,0,Y
139,2,138,11,6,1,8,8,8,1,1,1,8,13,8,81,1,49,8,1,23,8,138,1,21,8,0,0,0,0,0,0,0,0,0,0,0,0,0,0,0,0,0,0,0,0,Y
139,2,262,9,8,4,12,14,22,1,1,1,14,18,24,148,4,92,22,4,38,9,262,1,40,14,0,0,0,0,0,0,0,0,0,0,0,0,0,0,0,0,0,0,0,0,Y
139,2,78,28,25,1,11,11,5,1,1,1,11,12,0,50,1,23,0,1,21,11,78,1,12,11,0,0,0,0,0,0,0,0,0,0,0,0,0,0,0,0,0,0,0,0,Y
139,46,65,3,1,0,0,0,4,0,0,0,0,1,0,55,0,6,0,0,4,0,65,1,1,0,0,0,0,1,0,0,0,0,0,0,45,0,0,0,0,0,0,46,0,0,Y
139,46,65,3,1,0,0,0,4,0,0,0,0,1,0,55,0,6,0,0,4,0,65,1,1,0,0,0,0,1,0,0,0,0,0,0,45,0,0,0,0,0,0,46,0,0,Y
139,46,113,9,2,2,2,3,9,1,1,1,3,6,8,68,2,36,7,2,20,2,113,1,13,3,0,0,0,1,0,0,0,0,0,0,45,0,0,0,0,0,0,46,0,0,N
139,46,77,3,2,0,0,0,8,0,0,0,0,1,0,56,0,13,0,0,11,0,77,1,1,0,0,0,0,1,0,0,0,0,0,0,45,0,0,0,0,0,0,46,0,0,Y
139,66,313,18,11,4,17,23,37,1,1,1,23,43,57,93,4,184,47,4,73,13,313,1,90,23,0,0,0,1,0,0,0,0,0,0,44,0,9,0,0,9,0,54,0,0,Y
139,46,65,3,1,0,0,0,4,0,0,0,0,1,0,55,0,6,0,0,4,0,65,1,1,0,0,0,0,1,0,0,0,0,0,0,45,0,0,0,0,0,0,46,0,0,Y
139,46,77,3,2,0,0,0,8,0,0,0,0,1,0,56,0,13,0,0,11,0,77,1,1,0,0,0,0,1,0,0,0,0,0,0,45,0,0,0,0,0,0,46,0,0,Y
139,46,75,2,1,0,0,0,6,0,0,0,0,1,0,58,0,11,0,0,9,0,75,1,1,0,0,0,0,1,0,0,0,0,0,0,45,0,0,0,0,0,0,46,0,0,Y
139,46,65,3,1,0,0,0,4,0,0,0,0,1,0,55,0,6,0,0,4,0,65,1,1,0,0,0,0,1,0,0,0,0,0,0,45,0,0,0,0,0,0,46,0,0,Y
139,46,65,3,1,0,0,0,4,0,0,0,0,1,0,55,0,6,0,0,4,0,65,1,1,0,0,0,0,1,0,0,0,0,0,0,45,0,0,0,0,0,0,46,0,0,Y
139,46,65,3,1,0,0,0,4,0,0,0,0,1,0,55,0,6,0,0,4,0,65,1,1,0,0,0,0,1,0,0,0,0,0,0,45,0,0,0,0,0,0,46,0,0,Y
139,46,65,3,1,0,0,0,4,0,0,0,0,1,0,55,0,6,0,0,4,0,65,1,1,0,0,0,0,1,0,0,0,0,0,0,45,0,0,0,0,0,0,46,0,0,Y
139,46,117,4,2,2,2,3,11,1,1,1,3,10,8,65,2,41,6,2,23,2,117,1,16,3,0,0,0,1,0,0,0,0,0,0,45,0,0,0,0,0,0,46,0,0,Y
139,46,65,3,1,0,0,0,4,0,0,0,0,1,0,55,0,6,0,0,4,0,65,1,1,0,0,0,0,1,0,0,0,0,0,0,45,0,0,0,0,0,0,46,0,0,Y
139,46,65,3,1,0,0,0,4,0,0,0,0,1,0,55,0,6,0,0,4,0,65,1,1,0,0,0,0,1,0,0,0,0,0,0,45,0,0,0,0,0,0,46,0,0,Y
139,2,397,6,5,7,26,39,38,2,2,2,43,44,87,124,11,235,81,7,74,16,397,1,125,39,0,0,0,0,0,0,0,0,0,0,0,0,0,0,0,0,0,0,0,0,Y
139,46,169,4,4,3,6,10,19,1,1,1,10,13,18,83,3,67,15,3,24,6,169,2,28,10,0,0,0,1,0,0,0,0,0,0,45,0,0,0,0,0,0,46,0,0,Y
139,46,77,3,2,0,0,0,8,0,0,0,0,1,0,56,0,13,0,0,11,0,77,1,1,0,0,0,0,1,0,0,0,0,0,0,45,0,0,0,0,0,0,46,0,0,Y
139,2,681,33,5,7,34,61,69,2,2,2,65,91,129,206,8,407,113,7,145,25,682,1,204,61,0,0,0,0,0,0,0,0,0,0,0,0,0,0,0,0,0,0,0,0,N
139,46,140,9,7,2,5,7,16,1,1,1,7,12,9,76,2,48,9,2,23,5,140,1,21,7,0,0,0,1,0,0,0,0,0,0,45,0,0,0,0,0,0,46,0,0,Y
139,46,76,3,2,0,0,0,8,0,0,0,0,1,0,56,0,12,0,0,10,0,76,1,1,0,0,0,0,1,0,0,0,0,0,0,45,0,0,0,0,0,0,46,0,0,Y
139,46,126,4,3,3,3,6,18,2,2,2,7,6,13,63,3,45,12,3,16,3,126,1,18,6,0,0,0,1,0,0,0,0,0,0,45,0,0,0,0,0,0,46,0,0,Y
139,46,203,6,5,2,8,13,24,1,2,1,18,14,24,104,3,75,24,2,23,8,203,1,38,13,0,0,0,1,0,0,0,0,0,0,45,0,0,0,0,0,0,46,0,0,Y
139,46,514,10,9,14,27,59,48,3,3,3,62,85,129,77,16,390,113,14,122,18,514,2,198,59,0,0,0,1,0,0,0,0,0,0,45,0,0,0,0,0,0,46,0,0,Y
139,46,100,5,3,1,2,2,11,1,1,1,2,4,2,65,1,24,2,1,16,2,100,1,6,2,0,0,0,1,0,0,0,0,0,0,45,0,0,0,0,0,0,46,0,0,Y
139,2,358,17,11,4,28,34,41,1,1,1,39,43,55,124,5,193,50,4,70,21,358,1,93,34,0,0,0,0,0,0,0,0,0,0,0,0,0,0,0,0,0,0,0,0,Y
139,46,77,3,2,0,0,0,8,0,0,0,0,1,0,56,0,13,0,0,11,0,77,1,1,0,0,0,0,1,0,0,0,0,0,0,45,0,0,0,0,0,0,46,0,0,Y
139,46,65,3,1,0,0,0,4,0,0,0,0,1,0,55,0,6,0,0,4,0,65,1,1,0,0,0,0,1,0,0,0,0,0,0,45,0,0,0,0,0,0,46,0,0,Y
139,46,65,3,1,0,0,0,4,0,0,0,0,1,0,55,0,6,0,0,4,0,65,1,1,0,0,0,0,1,0,0,0,0,0,0,45,0,0,0,0,0,0,46,0,0,N
139,46,99,4,2,0,0,0,11,0,0,0,0,1,0,76,0,12,0,0,10,0,99,1,1,0,0,0,0,1,0,0,0,0,0,0,45,0,0,0,0,0,0,46,0,0,Y
139,46,75,2,1,0,0,0,6,0,0,0,0,1,0,58,0,11,0,0,9,0,75,1,1,0,0,0,0,1,0,0,0,0,0,0,45,0,0,0,0,0,0,46,0,0,Y
139,46,68,4,1,0,0,0,4,0,0,0,0,4,0,55,0,9,0,0,7,0,68,1,4,0,0,0,0,1,0,0,0,0,0,0,45,0,0,0,0,0,0,46,0,0,Y
139,46,65,3,1,0,0,0,4,0,0,0,0,1,0,55,0,6,0,0,4,0,65,1,1,0,0,0,0,1,0,0,0,0,0,0,45,0,0,0,0,0,0,46,0,0,Y
139,46,65,3,1,0,0,0,4,0,0,0,0,1,0,55,0,6,0,0,4,0,65,1,1,0,0,0,0,1,0,0,0,0,0,0,45,0,0,0,0,0,0,46,0,0,Y
139,46,65,3,1,0,0,0,4,0,0,0,0,1,0,55,0,6,0,0,4,0,65,1,1,0,0,0,0,1,0,0,0,0,0,0,45,0,0,0,0,0,0,46,0,0,Y
139,2,710,35,23,6,38,61,82,1,2,1,74,115,115,207,12,422,102,6,175,31,710,2,217,61,0,0,0,0,0,0,0,0,0,0,0,0,0,0,0,0,0,0,0,0,Y
139,46,77,3,2,0,0,0,8,0,0,0,0,1,0,56,0,13,0,0,11,0,77,1,1,0,0,0,0,1,0,0,0,0,0,0,45,0,0,0,0,0,0,46,0,0,N
139,46,71,4,2,0,0,0,8,0,0,0,0,1,0,56,0,7,0,0,5,0,71,1,1,0,0,0,0,1,0,0,0,0,0,0,45,0,0,0,0,0,0,46,0,0,Y
139,46,77,2,2,0,0,0,8,0,0,0,0,1,0,56,0,13,0,0,11,0,77,1,1,0,0,0,0,1,0,0,0,0,0,0,45,0,0,0,0,0,0,46,0,0,Y
139,46,101,5,4,1,1,1,10,1,1,1,1,5,4,62,1,29,2,1,21,1,101,1,7,1,0,0,0,1,0,0,0,0,0,0,45,0,0,0,0,0,0,46,0,0,Y
139,46,65,2,1,0,0,0,4,0,0,0,0,1,0,55,0,6,0,0,4,0,65,1,1,0,0,0,0,1,0,0,0,0,0,0,45,0,0,0,0,0,0,46,0,0,Y
139,46,65,2,1,0,0,0,4,0,0,0,0,1,0,55,0,6,0,0,4,0,65,1,1,0,0,0,0,1,0,0,0,0,0,0,45,0,0,0,0,0,0,46,0,0,Y
139,46,65,2,1,0,0,0,4,0,0,0,0,1,0,55,0,6,0,0,4,0,65,1,1,0,0,0,0,1,0,0,0,0,0,0,45,0,0,0,0,0,0,46,0,0,Y
139,46,65,2,1,0,0,0,4,0,0,0,0,1,0,55,0,6,0,0,4,0,65,1,1,0,0,0,0,1,0,0,0,0,0,0,45,0,0,0,0,0,0,46,0,0,Y
139,46,78,2,2,0,0,0,8,0,0,0,0,2,0,56,0,14,0,0,12,0,78,1,2,0,0,0,0,1,0,0,0,0,0,0,45,0,0,0,0,0,0,46,0,0,Y
139,46,65,2,1,0,0,0,4,0,0,0,0,1,0,55,0,6,0,0,4,0,65,1,1,0,0,0,0,1,0,0,0,0,0,0,45,0,0,0,0,0,0,46,0,0,Y
139,46,77,2,2,0,0,0,8,0,0,0,0,1,0,56,0,13,0,0,11,0,77,1,1,0,0,0,0,1,0,0,0,0,0,0,45,0,0,0,0,0,0,46,0,0,Y
139,46,75,2,1,0,0,0,6,0,0,0,0,1,0,58,0,11,0,0,9,0,75,1,1,0,0,0,0,1,0,0,0,0,0,0,45,0,0,0,0,0,0,46,0,0,Y
139,45,64,1,1,0,0,0,3,0,0,0,0,1,0,54,0,7,0,0,5,0,64,1,1,0,0,0,0,0,0,0,0,0,0,0,45,0,0,0,0,0,0,45,0,0,Y
139,46,75,2,1,0,0,0,6,0,0,0,0,1,0,58,0,11,0,0,9,0,75,1,1,0,0,0,0,1,0,0,0,0,0,0,45,0,0,0,0,0,0,46,0,0,Y
139,45,64,1,1,0,0,0,3,0,0,0,0,1,0,54,0,7,0,0,5,0,64,1,1,0,0,0,0,0,0,0,0,0,0,0,45,0,0,0,0,0,0,45,0,0,Y
139,45,64,1,1,0,0,0,3,0,0,0,0,1,0,54,0,7,0,0,5,0,64,1,1,0,0,0,0,0,0,0,0,0,0,0,45,0,0,0,0,0,0,45,0,0,Y
139,2,83,4,1,1,1,1,5,1,1,1,1,5,7,51,1,27,5,1,10,1,83,1,10,1,0,0,0,0,0,0,0,0,0,0,0,0,0,0,0,0,0,0,0,0,Y
139,2,400,4,4,12,14,39,39,3,4,3,47,57,85,108,17,253,71,12,78,11,400,1,128,39,0,0,0,0,0,0,0,0,0,0,0,0,0,0,0,0,0,0,0,0,Y
139,2,120,11,1,0,0,0,15,0,0,0,0,13,0,89,0,16,0,0,14,0,120,1,13,0,0,0,0,0,0,0,0,0,0,0,0,0,0,0,0,0,0,0,0,0,Y
139,2,171,7,4,1,9,9,17,1,1,1,9,11,14,99,1,55,14,1,21,9,171,1,25,9,0,0,0,0,0,0,0,0,0,0,0,0,0,0,0,0,0,0,0,0,Y
139,2,107,2,1,1,4,4,8,1,1,1,4,1,4,78,1,21,4,1,7,4,107,1,5,4,0,0,0,0,0,0,0,0,0,0,0,0,0,0,0,0,0,0,0,0,Y
139,2,293,4,4,3,11,15,23,2,2,2,15,11,43,149,3,121,35,3,34,7,293,1,46,15,0,0,0,0,0,0,0,0,0,0,0,0,0,0,0,0,0,0,0,0,Y
139,2,130,7,5,3,3,6,13,2,2,2,6,8,12,64,3,53,12,3,27,3,130,1,20,6,0,0,0,0,0,0,0,0,0,0,0,0,0,0,0,0,0,0,0,0,N
139,2,202,9,5,3,5,10,9,2,2,2,10,13,36,93,3,100,27,3,34,5,202,1,40,10,0,0,0,0,0,0,0,0,0,0,0,0,0,0,0,0,0,0,0,0,N
139,2,116,2,1,1,4,4,10,1,1,1,4,6,0,93,1,13,0,1,11,4,116,1,6,4,0,0,0,0,0,0,0,0,0,0,0,0,0,0,0,0,0,0,0,0,N
139,2,198,4,2,1,10,10,19,1,1,1,10,12,9,127,1,52,9,1,21,10,198,1,21,10,0,0,0,0,0,0,0,0,0,0,0,0,0,0,0,0,0,0,0,0,N
139,2,225,3,1,2,5,7,10,1,1,1,7,9,15,162,2,53,12,2,18,5,225,1,21,7,0,0,0,0,0,0,0,0,0,0,0,0,0,0,0,0,0,0,0,0,N
72,4,82,29,26,1,14,14,5,1,1,1,14,15,0,50,1,27,0,1,25,14,82,1,15,14,0,3,3,0,0,0,0,3,3,0,0,0,4,0,0,4,3,4,3,3,Y
72,70,455,7,6,7,28,43,45,2,2,2,47,53,100,133,11,277,91,7,93,18,455,1,144,43,0,2,4,7,0,0,0,4,9,13,9,0,42,10,0,19,2,58,19,4,Y
72,16,80,2,2,1,1,1,4,1,1,1,1,3,1,60,1,16,1,1,11,1,80,1,4,1,1,1,1,1,1,1,1,1,2,1,6,1,9,1,1,6,1,16,3,1,Y
78,2,117,5,3,2,2,3,11,1,1,1,3,10,8,65,2,41,6,2,23,2,117,1,16,3,0,0,0,0,0,0,0,0,0,0,0,0,0,0,0,0,0,0,0,0,N
80,5,83,30,27,1,14,14,5,1,1,1,14,15,0,50,1,28,0,1,26,14,83,1,15,14,0,0,0,0,0,0,0,0,0,0,0,0,1,0,0,1,0,1,0,0,Y
352,6,111,6,3,3,5,5,5,1,1,1,5,6,9,71,3,35,8,3,12,3,111,1,14,5,0,0,0,0,0,0,0,0,0,0,0,0,0,0,0,0,0,0,0,0,N
352,4,447,29,24,13,18,40,42,4,4,4,42,62,112,76,15,329,90,13,121,10,447,1,152,40,0,0,0,0,0,0,0,0,0,0,0,0,0,0,0,0,0,0,0,0,Y
352,2,503,12,10,14,16,41,45,4,4,4,44,81,131,98,16,360,116,14,127,10,503,1,197,41,0,0,0,0,0,0,0,0,0,0,0,0,0,0,0,0,0,0,0,0,N
352,23,156,1,1,4,3,6,12,2,2,2,6,18,16,61,4,83,11,4,49,3,156,1,29,6,0,0,0,1,0,0,0,0,0,0,1,0,7,0,0,5,0,9,0,0,N
352,2,151,8,7,2,8,9,20,1,1,1,9,13,7,82,2,49,7,2,22,8,151,1,20,9,0,0,0,0,0,0,0,0,0,0,0,0,0,0,0,0,0,0,0,0,Y
352,4,528,26,15,5,24,49,53,2,2,2,55,48,98,168,6,307,82,5,97,24,528,1,130,49,0,0,0,0,0,0,0,0,0,0,0,0,0,0,0,0,0,0,0,0,N
352,644,880,10,9,7,41,70,90,2,2,2,73,104,145,327,8,464,128,7,166,32,881,1,232,70,3,29,56,68,1,1,1,59,86,121,179,4,372,106,3,128,23,619,192,56,Y
352,2,83,31,28,1,14,14,5,1,1,1,14,15,0,50,1,28,0,1,26,14,83,1,15,14,0,0,0,0,0,0,0,0,0,0,0,0,0,0,0,0,0,0,0,0,N
352,10,455,8,7,7,28,43,45,2,2,2,47,53,100,133,11,277,91,7,93,18,455,1,144,43,0,0,0,0,0,0,0,0,0,0,0,0,0,0,0,0,0,0,0,0,Y
352,8,358,18,12,4,28,34,41,1,1,1,39,43,55,124,5,193,50,4,70,21,358,1,93,34,0,0,0,0,0,0,0,0,0,0,0,0,0,0,0,0,0,0,0,0,Y
352,12,710,36,24,6,38,61,82,1,2,1,74,115,115,207,12,422,102,6,175,31,710,2,217,61,0,0,0,0,0,0,0,0,0,0,0,0,0,0,0,0,0,0,0,0,Y
352,6,146,6,4,3,7,8,12,1,1,1,8,13,17,66,3,69,13,3,30,5,146,1,26,8,0,0,0,0,0,0,0,0,0,0,0,0,0,0,0,0,0,0,0,0,Y
352,16,191,7,5,7,14,17,16,2,2,2,17,21,34,78,7,97,31,7,39,8,191,1,52,17,0,0,0,0,0,0,0,0,0,0,0,0,0,0,0,0,0,0,0,0,Y
352,2,184,9,9,1,30,30,39,1,1,1,30,31,0,92,1,53,0,1,51,30,184,1,31,30,0,1,1,0,0,0,0,1,1,0,0,0,2,0,0,2,1,2,1,1,Y
352,2,88,4,4,1,3,3,11,1,1,1,3,9,0,59,1,18,0,1,16,3,88,1,9,3,0,0,0,0,0,0,0,0,0,0,0,0,0,0,0,0,0,0,0,0,Y
352,6,293,5,5,3,11,15,23,2,2,2,15,11,43,149,3,121,35,3,34,7,293,1,46,15,0,0,0,0,0,0,0,0,0,0,0,0,0,0,0,0,0,0,0,0,N
267,11,456,30,25,14,18,41,42,4,4,4,43,62,120,75,16,339,96,14,121,10,456,1,158,41,1,0,1,0,0,0,0,1,0,8,-1,1,10,6,1,0,0,9,6,1,Y
267,6,103,8,2,2,2,3,7,1,2,1,4,6,8,62,3,34,5,2,18,2,103,1,11,3,0,0,0,0,0,0,0,0,0,0,0,0,0,0,0,0,0,0,0,0,N
267,19,535,27,15,6,24,50,53,2,2,2,56,49,100,168,7,314,83,6,98,24,535,1,132,50,1,0,1,0,0,0,0,1,1,2,0,1,7,1,1,1,0,7,2,1,N
267,10,313,19,12,4,17,23,36,1,1,1,23,41,58,92,4,185,47,4,71,13,313,1,88,23,0,0,0,-1,0,0,0,0,-2,1,-1,0,1,0,0,-2,0,0,-2,0,Y
267,5,70,4,2,0,0,0,5,0,0,0,0,4,0,55,0,10,0,0,8,0,70,1,4,0,0,0,0,1,0,0,0,0,3,0,0,0,4,0,0,4,0,5,3,0,Y
267,73,719,37,25,7,42,66,80,2,2,2,80,120,123,194,12,446,109,7,181,31,719,2,229,66,1,4,5,-2,1,0,1,6,5,8,-13,0,24,7,1,6,0,9,12,5,Y
267,53,149,10,5,3,3,6,7,2,2,2,6,8,23,73,3,69,17,3,28,3,149,1,25,6,0,-2,-4,-2,0,0,0,-4,-5,-13,-20,0,-31,-10,0,-6,-2,-53,-15,-4,N
267,29,95,3,1,1,2,2,9,1,1,1,2,5,0,73,1,13,0,1,11,2,95,1,5,2,0,-2,-2,-1,0,0,0,-2,-1,0,-20,0,0,0,0,0,-2,-21,-1,-2,N
267,101,105,5,2,1,3,3,8,1,1,1,3,3,2,75,1,22,2,1,12,3,105,1,5,3,0,-7,-7,-11,0,0,0,-7,-9,-7,-52,0,-30,-7,0,-9,-7,-93,-16,-7,N
267,52,173,4,1,1,3,3,8,1,1,1,3,4,2,142,1,23,2,1,13,3,173,1,6,3,-1,-2,-4,-2,0,0,0,-4,-5,-13,-20,-1,-30,-10,-1,-5,-2,-52,-15,-4,N
95,10,461,9,8,7,28,43,46,2,2,2,47,54,100,137,11,278,91,7,94,18,461,1,145,43,0,0,0,1,0,0,0,0,1,0,4,0,1,0,0,1,0,6,1,0,Y
92,75,158,10,8,6,3,8,16,2,2,2,8,18,15,59,6,83,14,6,48,3,158,1,32,8,0,-2,-2,-8,0,0,0,-2,-1,-1,-47,0,-8,-1,0,-3,-2,-63,-2,-2,Y
92,4,103,9,2,2,2,3,7,1,2,1,4,6,8,62,3,34,5,2,18,2,103,1,11,3,0,0,0,0,0,0,0,0,0,0,0,0,0,0,0,0,0,0,0,0,N
92,2,719,38,26,7,42,66,80,2,2,2,80,120,123,194,12,446,109,7,181,31,719,2,229,66,0,0,0,0,0,0,0,0,0,0,0,0,0,0,0,0,0,0,0,0,Y
92,7,100,4,1,1,2,2,10,1,1,1,2,6,0,76,1,14,0,1,12,2,100,1,6,2,0,0,0,1,0,0,0,0,1,0,3,0,1,0,0,1,0,5,1,0,N
18,48,322,1,1,9,12,25,40,3,3,3,27,45,66,71,10,211,60,9,91,7,322,1,105,25,1,0,1,4,0,0,0,1,1,0,0,1,4,0,1,2,0,8,1,1,N
45,8,166,11,9,6,4,9,17,2,2,2,9,20,17,59,6,90,16,6,51,4,166,1,36,9,0,1,1,1,0,0,0,1,2,2,0,0,7,2,0,3,1,8,4,1,N
45,45,580,28,15,6,26,55,57,2,2,2,62,53,110,177,7,346,91,6,106,26,580,1,144,55,0,2,5,4,0,0,0,6,4,10,9,0,32,8,0,8,2,45,12,5,Y
41,2,166,12,9,6,4,9,17,2,2,2,9,20,17,59,6,90,16,6,51,4,166,1,36,9,0,0,0,0,0,0,0,0,0,0,0,0,0,0,0,0,0,0,0,0,N
54,4,170,13,9,6,4,9,18,2,2,2,9,21,18,59,6,93,17,6,53,4,170,1,38,9,0,0,0,1,0,0,0,0,1,1,0,0,3,1,0,2,0,4,2,0,Y
55,9,589,29,16,6,27,56,58,2,2,2,63,55,111,177,7,354,92,6,111,27,589,1,147,56,0,1,1,1,0,0,0,1,2,1,0,0,8,1,0,5,1,9,3,1,Y
59,4,168,14,10,6,4,9,18,2,2,2,9,20,18,59,6,91,17,6,51,4,168,1,37,9,0,0,0,0,0,0,0,0,-1,0,0,0,-2,0,0,-2,0,-2,-1,0,N
47,14,517,13,10,14,17,42,46,3,4,3,45,83,136,101,16,370,121,14,130,11,517,1,204,42,0,1,1,1,-1,0,-1,1,2,5,3,0,10,5,0,3,1,14,7,1,Y
36,1,457,31,26,14,18,41,42,4,4,4,43,62,121,75,16,340,97,14,121,10,457,1,159,41,0,0,0,0,0,0,0,0,0,1,0,0,1,1,0,0,0,1,1,0,Y
55,20,160,10,8,2,7,9,19,1,1,1,9,14,13,82,2,59,11,2,26,7,160,1,25,9,0,2,2,3,0,0,0,2,2,4,6,0,11,2,0,3,2,20,4,2,N
56,14,525,14,11,14,17,42,46,3,4,3,45,85,141,101,16,378,126,14,133,11,525,1,211,42,0,0,0,0,0,0,0,0,2,5,0,0,8,5,0,3,0,8,7,0,Y
43,2,160,11,8,2,7,9,19,1,1,1,9,14,13,82,2,59,11,2,26,7,160,1,25,9,0,0,0,0,0,0,0,0,0,0,0,0,0,0,0,0,0,0,0,0,N
197,2,111,7,3,3,5,5,5,1,1,1,5,6,9,71,3,35,8,3,12,3,111,1,14,5,0,0,0,0,0,0,0,0,0,0,0,0,0,0,0,0,0,0,0,0,N
197,7,277,13,9,10,8,20,28,2,2,2,22,36,40,95,12,154,36,10,70,8,277,1,72,20,0,0,0,0,0,0,0,0,0,0,0,0,-3,0,0,-3,0,-3,0,0,N
197,8,249,7,3,5,5,13,22,2,2,2,14,23,25,123,6,104,25,5,51,5,249,1,48,13,0,0,0,0,0,0,0,0,0,0,0,0,-6,0,0,-6,0,-6,0,0,N
197,2,159,17,10,4,5,7,9,2,2,2,7,9,19,91,4,59,16,4,22,3,159,1,25,7,0,0,0,0,0,0,0,0,0,0,0,0,-2,0,0,-2,0,-2,0,0,N
197,2,119,8,7,3,5,5,9,1,1,1,5,7,13,69,3,41,11,3,16,3,119,1,18,5,0,0,0,0,0,0,0,0,0,0,0,0,0,0,0,0,0,0,0,0,N
197,9,189,16,12,5,7,9,18,2,2,2,10,14,31,77,5,95,27,5,37,4,190,1,41,9,0,0,0,0,0,0,0,0,0,0,0,0,-1,0,0,-1,0,-1,0,0,N
197,2,82,6,3,1,2,2,5,1,1,1,2,3,6,57,1,20,6,1,8,2,82,1,9,2,0,0,0,0,0,0,0,0,0,0,0,0,0,0,0,0,0,0,0,0,N
197,5,456,32,27,14,18,41,42,4,4,4,43,62,121,75,16,339,97,14,120,10,456,1,159,41,0,0,0,0,0,0,0,0,0,0,0,0,-1,0,0,-1,0,-1,0,0,N
197,1,130,14,8,4,3,6,8,2,2,2,6,9,16,69,4,54,12,4,20,3,130,1,21,6,0,0,0,0,0,0,0,0,0,0,0,0,-1,0,0,-1,0,-1,0,0,N
197,28,535,15,12,14,17,42,48,3,4,3,45,85,141,101,16,386,126,14,141,11,535,1,211,42,0,0,0,2,0,0,0,0,0,0,0,0,8,0,0,8,0,10,0,0,Y
197,9,159,15,10,6,4,9,18,2,2,2,9,20,18,59,6,82,17,6,42,4,159,1,37,9,0,0,0,0,0,0,0,0,0,0,0,0,-9,0,0,-9,0,-9,0,0,N
197,12,146,2,1,4,3,6,12,2,2,2,6,18,16,61,4,73,11,4,39,3,146,1,29,6,0,0,0,0,0,0,0,0,0,0,0,0,-10,0,0,-10,0,-10,0,0,N
197,4,322,2,1,9,12,25,40,3,3,3,27,45,66,71,10,211,60,9,91,7,322,1,105,25,0,0,0,0,0,0,0,0,0,0,0,0,0,0,0,0,0,0,0,0,N
197,2,139,1,1,3,3,5,12,1,1,1,5,15,13,58,3,69,12,3,42,3,139,1,27,5,0,0,0,0,0,0,0,0,0,0,0,0,0,0,0,0,0,0,0,0,N
197,1,97,7,2,2,2,3,11,1,1,1,3,3,6,62,2,24,5,2,10,2,97,1,8,3,0,0,0,0,0,0,0,0,0,0,0,0,-1,0,0,-1,0,-1,0,0,N
197,1,102,10,2,2,2,3,7,1,2,1,4,6,8,62,3,33,5,2,17,2,102,1,11,3,0,0,0,0,0,0,0,0,0,0,0,0,-1,0,0,-1,0,-1,0,0,N
197,1,81,11,2,1,1,1,5,1,1,1,1,2,0,66,1,10,0,1,6,1,81,1,2,1,0,0,0,0,0,0,0,0,0,0,0,0,-1,0,0,-1,0,-1,0,0,N
197,5,85,6,6,1,1,1,5,1,1,1,1,2,0,72,1,8,0,1,4,1,85,1,2,1,0,0,0,0,0,0,0,0,0,0,0,0,-3,0,0,-3,0,-3,0,0,N
197,5,83,5,4,3,1,3,3,3,3,3,3,6,7,53,3,27,6,3,10,1,83,1,12,3,0,0,0,1,0,0,0,0,0,0,0,0,0,0,0,0,0,1,0,0,N
197,16,189,12,8,4,3,6,18,2,2,2,6,12,12,128,4,43,10,4,21,3,189,1,22,6,0,0,0,3,0,0,0,0,0,0,0,0,1,0,0,1,0,4,0,0,N
197,7,77,4,4,2,1,2,5,2,2,2,2,5,3,54,2,18,3,2,9,1,77,1,8,2,0,0,0,1,0,0,0,0,0,0,0,0,0,0,0,0,0,1,0,0,N
197,2,76,7,4,2,1,2,3,2,2,2,2,3,3,56,2,17,3,2,8,1,76,1,6,2,0,0,0,0,0,0,0,0,0,0,0,0,0,0,0,0,0,0,0,0,N
197,9,127,10,7,1,5,5,13,1,1,1,5,9,5,83,1,32,4,1,15,5,127,1,13,5,0,0,0,0,0,0,0,0,0,0,0,0,1,0,0,1,0,1,0,0,Y
197,3,56,5,3,0,0,0,2,0,0,0,0,1,0,52,0,2,0,0,2,0,56,1,1,0,0,0,0,0,0,0,0,0,0,0,0,0,-3,0,0,-3,0,-3,0,0,N
197,1,150,9,8,2,8,9,20,1,1,1,9,13,7,82,2,48,7,2,21,8,150,1,20,9,0,0,0,0,0,0,0,0,0,0,0,0,-1,0,0,-1,0,-1,0,0,N
197,10,587,30,17,6,27,56,58,2,2,2,63,55,111,177,7,352,92,6,109,27,587,1,147,56,0,0,0,0,0,0,0,0,0,0,0,0,-2,0,0,-2,0,-2,0,0,N
197,1,100,2,2,1,4,4,8,1,1,1,4,5,3,71,1,21,2,1,8,4,100,1,7,4,0,0,0,0,0,0,0,0,0,0,0,0,-1,0,0,-1,0,-1,0,0,N
197,7,123,9,4,1,8,8,11,1,1,1,8,9,0,95,1,17,0,1,15,8,123,1,9,8,0,0,0,1,0,0,0,0,0,0,0,0,0,0,0,0,0,1,0,0,N
197,9,131,12,7,1,8,8,8,1,1,1,8,13,8,81,1,42,8,1,16,8,131,1,21,8,0,0,0,0,0,0,0,0,0,0,0,0,-7,0,0,-7,0,-7,0,0,N
197,18,878,11,10,7,41,70,90,2,2,2,73,104,145,327,8,462,128,7,164,32,879,1,232,70,0,0,0,0,0,0,0,0,0,0,0,0,-2,0,0,-2,0,-2,0,0,N
197,7,82,32,28,1,14,14,5,1,1,1,14,15,0,50,1,27,0,1,25,14,82,1,15,14,0,0,0,0,0,0,0,0,0,0,0,0,-1,0,0,-1,0,-1,0,0,Y
197,3,62,4,2,0,0,0,3,0,0,0,0,1,0,54,0,5,0,0,3,0,62,1,1,0,0,0,0,-1,0,0,0,0,0,0,-1,0,-1,0,0,-1,0,-3,0,0,N
197,3,62,4,2,0,0,0,3,0,0,0,0,1,0,54,0,5,0,0,3,0,62,1,1,0,0,0,0,-1,0,0,0,0,0,0,-1,0,-1,0,0,-1,0,-3,0,0,N
197,2,15,1,1,0,0,0,3,0,0,0,0,1,0,5,0,7,0,0,5,0,15,1,1,0,0,0,0,0,0,0,0,0,0,0,0,0,0,0,0,0,0,0,0,0,N
197,10,69,4,3,0,0,0,7,0,0,0,0,1,0,55,0,7,0,0,5,0,69,1,1,0,0,0,0,-1,0,0,0,0,0,0,-1,0,-6,0,0,-6,0,-8,0,0,N
197,22,309,20,13,4,17,23,36,1,1,1,23,41,58,92,4,181,47,4,67,13,309,1,88,23,0,0,0,0,0,0,0,0,0,0,0,0,-4,0,0,-4,0,-4,0,0,Y
197,3,62,4,2,0,0,0,3,0,0,0,0,1,0,54,0,5,0,0,3,0,62,1,1,0,0,0,0,-1,0,0,0,0,0,0,-1,0,-1,0,0,-1,0,-3,0,0,N
197,10,69,4,3,0,0,0,7,0,0,0,0,1,0,55,0,7,0,0,5,0,69,1,1,0,0,0,0,-1,0,0,0,0,0,0,-1,0,-6,0,0,-6,0,-8,0,0,N
197,7,68,3,2,0,0,0,6,0,0,0,0,1,0,57,0,5,0,0,3,0,68,1,1,0,0,0,0,0,0,0,0,0,0,0,-1,0,-6,0,0,-6,0,-7,0,0,N
197,3,62,4,2,0,0,0,3,0,0,0,0,1,0,54,0,5,0,0,3,0,62,1,1,0,0,0,0,-1,0,0,0,0,0,0,-1,0,-1,0,0,-1,0,-3,0,0,N
197,3,62,4,2,0,0,0,3,0,0,0,0,1,0,54,0,5,0,0,3,0,62,1,1,0,0,0,0,-1,0,0,0,0,0,0,-1,0,-1,0,0,-1,0,-3,0,0,N
197,3,62,4,2,0,0,0,3,0,0,0,0,1,0,54,0,5,0,0,3,0,62,1,1,0,0,0,0,-1,0,0,0,0,0,0,-1,0,-1,0,0,-1,0,-3,0,0,N
197,3,62,4,2,0,0,0,3,0,0,0,0,1,0,54,0,5,0,0,3,0,62,1,1,0,0,0,0,-1,0,0,0,0,0,0,-1,0,-1,0,0,-1,0,-3,0,0,N
197,18,113,6,3,2,2,3,11,1,1,1,3,10,8,61,2,41,6,2,23,2,113,1,16,3,0,0,0,0,0,0,0,0,0,0,-4,0,0,0,0,0,0,-4,0,0,N
197,3,62,4,2,0,0,0,3,0,0,0,0,1,0,54,0,5,0,0,3,0,62,1,1,0,0,0,0,-1,0,0,0,0,0,0,-1,0,-1,0,0,-1,0,-3,0,0,N
197,3,62,4,2,0,0,0,3,0,0,0,0,1,0,54,0,5,0,0,3,0,62,1,1,0,0,0,0,-1,0,0,0,0,0,0,-1,0,-1,0,0,-1,0,-3,0,0,N
197,14,461,10,9,7,28,43,46,2,2,2,47,54,100,137,11,278,91,7,94,18,461,1,145,43,0,0,0,0,0,0,0,0,0,0,0,0,0,0,0,0,0,0,0,0,Y
197,12,167,5,5,3,6,10,20,1,1,1,10,13,18,83,3,64,15,3,21,6,167,2,28,10,0,0,0,1,0,0,0,0,0,0,0,0,-3,0,0,-3,0,-2,0,0,Y
197,10,69,4,3,0,0,0,7,0,0,0,0,1,0,55,0,7,0,0,5,0,69,1,1,0,0,0,0,-1,0,0,0,0,0,0,-1,0,-6,0,0,-6,0,-8,0,0,N
197,2,23,1,1,1,1,1,4,1,1,1,1,2,1,8,1,11,1,1,6,1,23,1,3,1,0,0,0,0,0,0,0,0,0,0,0,0,0,0,0,0,0,0,0,0,N
197,14,156,12,8,2,7,9,19,1,1,1,9,14,13,81,2,56,11,2,23,7,156,1,25,9,0,0,0,0,0,0,0,0,0,0,-1,0,-3,0,0,-3,0,-4,0,0,Y
197,9,69,4,3,0,0,0,7,0,0,0,0,1,0,55,0,7,0,0,5,0,69,1,1,0,0,0,0,-1,0,0,0,0,0,0,-1,0,-5,0,0,-5,0,-7,0,0,N
197,9,119,5,4,3,3,6,17,2,2,2,7,6,13,62,3,40,12,3,11,3,119,1,18,6,0,0,0,-1,0,0,0,0,0,0,-1,0,-5,0,0,-5,0,-7,0,0,N
197,11,198,7,6,2,8,13,24,1,2,1,18,14,24,103,3,71,24,2,19,8,198,1,38,13,0,0,0,0,0,0,0,0,0,0,-1,0,-4,0,0,-4,0,-5,0,0,N
197,18,518,11,10,14,27,59,48,3,3,3,62,85,129,77,16,394,113,14,126,18,518,2,198,59,0,0,0,0,0,0,0,0,0,0,0,0,4,0,0,4,0,4,0,0,Y
197,11,93,6,4,1,2,2,10,1,1,1,2,4,2,64,1,19,2,1,11,2,93,1,6,2,0,0,0,-1,0,0,0,0,0,0,-1,0,-5,0,0,-5,0,-7,0,0,Y
197,18,360,19,13,4,28,34,42,1,1,1,39,43,55,124,5,194,50,4,71,21,360,1,93,34,0,0,0,1,0,0,0,0,0,0,0,0,1,0,0,1,0,2,0,0,Y
197,10,69,4,3,0,0,0,7,0,0,0,0,1,0,55,0,7,0,0,5,0,69,1,1,0,0,0,0,-1,0,0,0,0,0,0,-1,0,-6,0,0,-6,0,-8,0,0,N
197,3,62,4,2,0,0,0,3,0,0,0,0,1,0,54,0,5,0,0,3,0,62,1,1,0,0,0,0,-1,0,0,0,0,0,0,-1,0,-1,0,0,-1,0,-3,0,0,N
197,3,62,4,1,0,0,0,3,0,0,0,0,1,0,54,0,5,0,0,3,0,62,1,1,0,0,0,0,-1,0,0,0,0,0,0,-1,0,-1,0,0,-1,0,-3,0,0,N
197,9,92,5,3,0,0,0,10,0,0,0,0,1,0,75,0,7,0,0,5,0,92,1,1,0,0,0,0,-1,0,0,0,0,0,0,-1,0,-5,0,0,-5,0,-7,0,0,N
197,8,67,3,2,0,0,0,5,0,0,0,0,1,0,57,0,5,0,0,3,0,67,1,1,0,0,0,0,-1,0,0,0,0,0,0,-1,0,-6,0,0,-6,0,-8,0,0,N
197,3,65,5,2,0,0,0,3,0,0,0,0,4,0,54,0,8,0,0,6,0,65,1,4,0,0,0,0,-1,0,0,0,0,0,0,-1,0,-1,0,0,-1,0,-3,0,0,N
197,3,62,4,2,0,0,0,3,0,0,0,0,1,0,54,0,5,0,0,3,0,62,1,1,0,0,0,0,-1,0,0,0,0,0,0,-1,0,-1,0,0,-1,0,-3,0,0,N
197,5,67,5,3,0,0,0,4,0,0,0,0,4,0,54,0,9,0,0,7,0,67,1,4,0,0,0,0,-1,0,0,0,0,0,0,-1,0,-1,0,0,-1,0,-3,0,0,Y
197,3,62,4,2,0,0,0,3,0,0,0,0,1,0,54,0,5,0,0,3,0,62,1,1,0,0,0,0,-1,0,0,0,0,0,0,-1,0,-1,0,0,-1,0,-3,0,0,N
197,11,718,39,27,7,42,66,80,2,2,2,80,120,123,194,12,445,109,7,180,31,718,2,229,66,0,0,0,0,0,0,0,0,0,0,0,0,-1,0,0,-1,0,-1,0,0,N
197,10,69,4,2,0,0,0,7,0,0,0,0,1,0,55,0,7,0,0,5,0,69,1,1,0,0,0,0,-1,0,0,0,0,0,0,-1,0,-6,0,0,-6,0,-8,0,0,N
197,2,71,5,3,0,0,0,8,0,0,0,0,1,0,56,0,7,0,0,5,0,71,1,1,0,0,0,0,0,0,0,0,0,0,0,0,0,0,0,0,0,0,0,0,0,N
197,10,69,3,3,0,0,0,7,0,0,0,0,1,0,55,0,7,0,0,5,0,69,1,1,0,0,0,0,-1,0,0,0,0,0,0,-1,0,-6,0,0,-6,0,-8,0,0,N
197,13,96,6,5,1,1,1,10,1,1,1,1,5,4,62,1,24,2,1,16,1,96,1,7,1,0,0,0,0,0,0,0,0,0,0,0,0,-5,0,0,-5,0,-5,0,0,N
197,3,62,3,2,0,0,0,3,0,0,0,0,1,0,54,0,5,0,0,3,0,62,1,1,0,0,0,0,-1,0,0,0,0,0,0,-1,0,-1,0,0,-1,0,-3,0,0,N
197,3,62,3,2,0,0,0,3,0,0,0,0,1,0,54,0,5,0,0,3,0,62,1,1,0,0,0,0,-1,0,0,0,0,0,0,-1,0,-1,0,0,-1,0,-3,0,0,N
197,3,62,3,2,0,0,0,3,0,0,0,0,1,0,54,0,5,0,0,3,0,62,1,1,0,0,0,0,-1,0,0,0,0,0,0,-1,0,-1,0,0,-1,0,-3,0,0,N
197,3,62,3,2,0,0,0,3,0,0,0,0,1,0,54,0,5,0,0,3,0,62,1,1,0,0,0,0,-1,0,0,0,0,0,0,-1,0,-1,0,0,-1,0,-3,0,0,N
197,11,71,3,3,0,0,0,7,0,0,0,0,2,0,55,0,9,0,0,7,0,71,1,2,0,0,0,0,-1,0,0,0,0,0,0,-1,0,-5,0,0,-5,0,-7,0,0,N
197,3,62,3,2,0,0,0,3,0,0,0,0,1,0,54,0,5,0,0,3,0,62,1,1,0,0,0,0,-1,0,0,0,0,0,0,-1,0,-1,0,0,-1,0,-3,0,0,N
197,10,69,3,3,0,0,0,7,0,0,0,0,1,0,55,0,7,0,0,5,0,69,1,1,0,0,0,0,-1,0,0,0,0,0,0,-1,0,-6,0,0,-6,0,-8,0,0,N
197,14,61,3,2,0,0,0,2,0,0,0,0,1,0,54,0,5,0,0,3,0,61,1,1,0,0,0,0,-4,0,0,0,0,0,0,-4,0,-6,0,0,-6,0,-14,0,0,N
197,2,64,2,2,0,0,0,3,0,0,0,0,1,0,54,0,7,0,0,5,0,64,1,1,0,0,0,0,0,0,0,0,0,0,0,0,0,0,0,0,0,0,0,0,0,N
197,14,61,3,2,0,0,0,2,0,0,0,0,1,0,54,0,5,0,0,3,0,61,1,1,0,0,0,0,-4,0,0,0,0,0,0,-4,0,-6,0,0,-6,0,-14,0,0,N
197,2,64,2,2,0,0,0,3,0,0,0,0,1,0,54,0,7,0,0,5,0,64,1,1,0,0,0,0,0,0,0,0,0,0,0,0,0,0,0,0,0,0,0,0,0,N
197,13,110,1,1,2,2,3,9,1,1,1,3,6,8,68,2,33,7,2,17,2,110,1,13,3,0,0,0,0,0,0,0,0,0,0,0,0,-3,0,0,-3,0,-3,0,0,N
197,4,80,3,3,1,1,1,4,1,1,1,1,3,1,60,1,16,1,1,11,1,80,1,4,1,0,0,0,0,0,0,0,0,0,0,0,0,0,0,0,0,0,0,0,0,N
197,14,11,1,1,0,0,0,1,0,0,0,0,1,0,5,0,5,0,0,3,0,11,1,1,0,0,0,0,-4,0,0,0,0,0,0,-4,0,-6,0,0,-6,0,-14,0,0,N
197,14,11,1,1,0,0,0,1,0,0,0,0,1,0,5,0,5,0,0,3,0,11,1,1,0,0,0,0,-4,0,0,0,0,0,0,-4,0,-6,0,0,-6,0,-14,0,0,N
197,11,255,3,2,6,5,13,26,2,2,2,14,25,42,108,7,121,31,6,47,5,255,1,56,13,0,0,0,1,0,0,0,0,0,0,0,0,-4,0,0,-4,0,-3,0,0,N
197,28,368,6,4,6,18,30,39,1,1,1,31,54,73,92,7,238,67,6,89,18,368,2,121,30,0,0,0,1,0,0,0,0,0,0,0,0,13,0,0,13,0,14,0,0,N
197,6,99,2,2,1,4,4,11,1,1,1,4,11,0,69,1,19,0,1,17,4,99,1,11,4,0,0,0,0,0,0,0,0,0,0,0,0,-2,0,0,-2,0,-2,0,0,N
197,6,398,5,5,12,14,39,39,3,4,3,47,57,85,108,17,251,71,12,76,11,398,1,128,39,0,0,0,0,0,0,0,0,0,0,0,0,-2,0,0,-2,0,-2,0,0,N
197,4,169,8,5,1,9,9,17,1,1,1,9,11,14,99,1,53,14,1,19,9,169,1,25,9,0,0,0,0,0,0,0,0,0,0,0,0,-2,0,0,-2,0,-2,0,0,N
197,16,150,7,5,3,7,8,14,1,1,1,8,13,17,66,3,71,13,3,32,5,150,1,26,8,0,0,0,2,0,0,0,0,0,0,0,0,2,0,0,2,0,4,0,0,N
197,11,190,8,6,7,14,17,16,2,2,2,17,21,34,78,7,96,31,7,38,8,190,1,52,17,0,0,0,0,0,0,0,0,0,0,0,0,-1,0,0,-1,0,-1,0,0,Y
197,9,181,10,10,1,30,30,39,1,1,1,30,31,0,92,1,50,0,1,48,30,181,1,31,30,0,0,0,0,0,0,0,0,0,0,0,0,-3,0,0,-3,0,-3,0,0,N
197,5,87,5,5,1,3,3,11,1,1,1,3,9,0,59,1,17,0,1,15,3,87,1,9,3,0,0,0,0,0,0,0,0,0,0,0,0,-1,0,0,-1,0,-1,0,0,N
197,23,288,6,5,3,11,15,23,2,2,2,15,11,43,148,3,117,35,3,30,7,288,1,46,15,0,0,0,0,0,0,0,0,0,0,-1,0,-4,0,0,-4,0,-5,0,0,Y
197,4,130,8,5,3,3,6,13,2,2,2,6,8,12,64,3,53,12,3,27,3,130,1,20,6,0,0,0,0,0,0,0,0,0,0,0,0,0,0,0,0,0,0,0,0,N
197,16,169,1,1,2,5,7,10,1,1,1,7,8,16,93,2,66,13,2,30,5,169,1,21,7,0,0,0,0,0,0,0,0,0,0,0,0,0,0,0,0,0,0,0,0,N
197,18,147,11,5,3,3,6,7,2,2,2,6,8,23,73,3,67,17,3,26,3,147,1,25,6,0,0,0,0,0,0,0,0,0,0,0,0,-2,0,0,-2,0,-2,0,0,N
197,1,99,5,1,1,2,2,10,1,1,1,2,6,0,76,1,13,0,1,11,2,99,1,6,2,0,0,0,0,0,0,0,0,0,0,0,0,-1,0,0,-1,0,-1,0,0,N
197,2,105,6,2,1,3,3,8,1,1,1,3,3,2,75,1,22,2,1,12,3,105,1,5,3,0,0,0,0,0,0,0,0,0,0,0,0,0,0,0,0,0,0,0,0,N
197,2,171,5,1,1,3,3,8,1,1,1,3,4,2,142,1,21,2,1,11,3,171,1,6,3,0,0,0,0,0,0,0,0,0,0,0,0,-2,0,0,-2,0,-2,0,0,N
197,2,204,1,1,1,10,10,21,1,1,1,10,13,9,130,1,53,9,1,22,10,204,1,22,10,0,0,0,0,0,0,0,0,0,0,0,0,0,0,0,0,0,0,0,0,N
101,2,159,16,10,6,4,9,18,2,2,2,10,20,18,59,7,82,17,6,42,4,159,1,37,9,0,0,0,0,0,0,0,1,0,0,0,1,0,0,0,0,0,0,0,0,N
101,4,585,31,17,6,27,56,57,2,2,2,63,55,111,177,7,351,92,6,108,27,585,1,147,56,0,0,0,-1,0,0,0,0,0,0,0,0,-1,0,0,-1,0,-2,0,0,Y
107,1,68,6,4,0,0,0,4,0,0,0,0,5,0,54,0,10,0,0,8,0,68,1,5,0,0,0,0,0,0,0,0,0,1,0,0,0,1,0,0,1,0,1,1,0,N
107,29,745,40,27,7,43,68,82,2,2,2,82,122,137,195,12,469,120,7,184,32,745,2,242,68,0,1,2,2,0,0,0,2,2,14,1,0,24,11,0,4,1,27,13,2,Y
107,25,280,4,2,6,6,14,29,2,2,2,15,31,49,111,7,140,38,6,57,6,280,1,69,14,0,1,1,3,0,0,0,1,6,7,3,0,19,7,0,10,1,25,13,1,Y
107,1,100,3,2,1,4,4,11,1,1,1,4,12,0,69,1,20,0,1,18,4,100,1,12,4,0,0,0,0,0,0,0,0,1,0,0,0,1,0,0,1,0,1,1,0,N
107,159,463,6,5,8,18,45,52,3,3,3,56,66,98,121,13,290,79,8,90,15,463,1,145,45,-4,4,6,13,0,-1,0,9,9,13,13,-4,39,8,-4,14,4,65,17,6,Y
84,1,281,5,3,6,6,14,29,2,2,2,15,31,49,111,7,141,38,6,58,6,281,1,69,14,0,0,0,0,0,0,0,0,0,0,0,0,1,0,0,1,0,1,0,0,N
84,4,683,1,1,8,29,54,71,2,3,2,69,74,139,233,12,380,101,8,110,21,684,1,175,54,0,0,0,0,0,0,0,0,0,0,0,0,0,0,0,0,0,0,0,0,N
55,175,612,16,13,14,17,43,63,3,4,3,46,113,148,117,16,432,127,14,178,11,612,1,240,43,0,0,1,15,0,0,0,1,28,7,16,0,46,1,0,37,0,77,29,1,Y
81,32,340,3,1,9,12,25,41,3,3,3,27,51,72,74,10,225,61,9,99,7,340,1,112,25,0,0,0,1,0,0,0,0,6,6,3,0,14,1,0,8,0,18,7,0,Y
191,30,228,8,6,3,9,17,27,1,2,1,22,15,37,106,4,95,37,3,25,9,228,1,52,17,1,1,4,3,0,0,0,4,1,13,3,1,24,13,1,6,1,30,14,4,Y
120,24,93,5,3,1,2,2,9,1,1,1,2,3,4,61,1,23,3,1,13,2,93,1,6,2,1,2,2,2,1,1,1,2,2,4,6,1,16,3,1,8,2,24,5,2,N
120,21,167,13,9,2,8,10,19,1,1,1,10,15,17,85,2,63,15,2,24,8,167,1,30,10,0,1,1,0,0,0,0,1,1,4,4,0,7,4,0,1,1,11,5,1,N
71,9,318,21,14,4,18,24,37,1,1,1,24,42,59,95,4,186,48,4,69,14,318,1,90,24,0,1,1,1,0,0,0,1,1,1,3,0,5,1,0,2,1,9,2,1,Y
71,8,469,11,10,7,29,44,47,2,2,2,48,55,101,140,11,282,92,7,95,19,469,1,147,44,0,1,1,1,0,0,0,1,1,1,3,0,4,1,0,1,1,8,2,1,Y
72,4,102,11,2,2,2,3,7,1,1,1,3,6,7,64,2,32,5,2,17,2,102,1,11,3,0,0,0,0,0,-1,0,-1,0,-1,2,-1,-1,0,0,0,0,0,0,0,N
80,4,102,12,2,2,2,3,7,1,2,1,4,6,8,62,3,33,5,2,17,2,102,1,11,3,0,0,0,0,0,1,0,1,0,1,-2,1,1,0,0,0,0,0,0,0,Y
85,11,621,17,14,14,17,44,63,4,4,4,47,113,154,117,16,441,131,14,179,11,621,1,244,44,0,0,1,0,1,0,1,1,0,6,0,0,9,4,0,1,0,9,4,1,Y
52,19,760,41,28,7,44,69,84,2,2,2,83,124,138,199,12,478,121,7,190,33,760,2,245,69,0,1,1,2,0,0,0,1,2,1,4,0,9,1,0,6,1,15,3,1,Y
82,11,168,17,10,7,4,10,18,2,2,2,11,22,22,59,8,91,21,7,45,4,168,1,43,10,1,0,1,0,0,0,0,1,2,4,0,1,9,4,1,3,0,9,6,1,Y
132,64,232,18,11,7,9,18,26,2,2,2,19,32,34,74,8,132,33,7,58,9,232,1,65,18,0,5,8,8,0,0,0,8,10,12,15,0,41,12,0,13,5,64,22,8,Y
65,11,759,42,29,7,44,70,83,2,2,2,84,123,140,199,12,478,123,7,186,33,759,2,246,70,0,0,1,-1,0,0,0,1,-1,2,0,0,0,2,0,-4,0,-1,1,1,Y
57,24,777,43,30,7,46,72,85,2,2,2,86,125,142,207,12,486,125,7,188,35,777,2,250,72,0,2,2,2,0,0,0,2,2,2,8,0,8,2,0,2,2,18,4,2,Y
130,38,815,44,31,7,50,76,90,1,2,1,90,129,148,221,12,505,129,7,193,39,815,2,258,76,0,4,4,5,-1,0,-1,4,4,6,14,0,19,4,0,5,4,38,8,4,N
99,4,123,9,7,3,5,5,9,1,1,1,5,7,14,69,3,45,12,3,17,3,123,1,19,5,0,0,0,0,0,0,0,0,0,1,0,0,4,1,0,1,0,4,1,0,N
141,2,277,14,9,10,8,20,28,2,2,2,22,36,40,95,12,154,36,10,70,8,277,1,72,20,0,0,0,0,0,0,0,0,0,0,0,0,0,0,0,0,0,0,0,0,N
141,2,249,8,3,5,5,13,22,2,2,2,14,23,25,123,6,104,25,5,51,5,249,1,48,13,0,0,0,0,0,0,0,0,0,0,0,0,0,0,0,0,0,0,0,0,N
141,2,141,5,1,3,4,7,13,1,1,1,7,10,17,70,3,58,15,3,21,4,141,1,25,7,0,0,0,0,0,0,0,0,0,0,0,0,0,0,0,0,0,0,0,0,N
141,4,159,18,10,4,5,7,9,2,2,2,7,9,19,91,4,59,16,4,22,3,159,1,25,7,0,0,0,0,0,0,0,0,0,0,0,0,0,0,0,0,0,0,0,0,N
141,2,189,17,12,5,7,9,18,2,2,2,10,14,31,77,5,95,27,5,37,4,190,1,41,9,0,0,0,0,0,0,0,0,0,0,0,0,0,0,0,0,0,0,0,0,N
141,4,456,33,27,14,18,41,42,4,4,4,43,62,121,75,16,339,97,14,120,10,456,1,159,41,0,0,0,0,0,0,0,0,0,0,0,0,0,0,0,0,0,0,0,0,Y
141,4,621,18,15,14,17,44,63,4,4,4,47,113,154,117,16,441,131,14,179,11,621,1,244,44,0,0,0,0,0,0,0,0,0,0,0,0,0,0,0,0,0,0,0,0,Y
141,4,232,19,12,7,9,18,26,2,2,2,19,32,34,74,8,132,33,7,58,9,232,1,65,18,0,0,0,0,0,0,0,0,0,0,0,0,0,0,0,0,0,0,0,0,Y
141,2,146,3,1,4,3,6,12,2,2,2,6,18,16,61,4,73,11,4,39,3,146,1,29,6,0,0,0,0,0,0,0,0,0,0,0,0,0,0,0,0,0,0,0,0,N
141,4,340,4,2,9,12,25,41,3,3,3,27,51,72,74,10,225,61,9,99,7,340,1,112,25,0,0,0,0,0,0,0,0,0,0,0,0,0,0,0,0,0,0,0,0,Y
141,4,139,2,1,3,3,5,12,1,1,1,5,15,13,58,3,69,12,3,42,3,139,1,27,5,0,0,0,0,0,0,0,0,0,0,0,0,0,0,0,0,0,0,0,0,N
141,4,90,7,1,2,2,3,6,1,1,1,3,3,7,61,2,23,5,2,10,2,90,1,8,3,0,0,0,-1,0,0,0,0,0,0,0,0,-1,0,0,-1,0,-2,0,0,N
141,6,585,32,18,6,27,56,57,2,2,2,63,55,111,177,7,351,92,6,108,27,585,1,147,56,0,0,0,0,0,0,0,0,0,0,0,0,0,0,0,0,0,0,0,0,Y
141,2,113,7,3,2,2,3,11,1,1,1,3,10,8,61,2,41,6,2,23,2,113,1,16,3,0,0,0,0,0,0,0,0,0,0,0,0,0,0,0,0,0,0,0,0,N
141,2,469,12,11,7,29,44,47,2,2,2,48,55,101,140,11,282,92,7,95,19,469,1,147,44,0,0,0,0,0,0,0,0,0,0,0,0,0,0,0,0,0,0,0,0,N
141,4,93,6,3,1,2,2,9,1,1,1,2,3,4,61,1,23,3,1,13,2,93,1,6,2,0,0,0,0,0,0,0,0,0,0,0,0,0,0,0,0,0,0,0,0,Y
141,2,815,45,31,7,50,76,90,1,2,1,90,129,148,221,12,505,129,7,193,39,815,2,258,76,0,0,0,0,0,0,0,0,0,0,0,0,0,0,0,0,0,0,0,0,Y
141,4,281,6,3,6,6,14,29,2,2,2,15,31,49,111,7,141,38,6,58,6,281,1,69,14,0,0,0,0,0,0,0,0,0,0,0,0,0,0,0,0,0,0,0,0,N
141,4,683,2,1,8,29,54,71,2,3,2,69,74,139,233,12,380,101,8,110,21,684,1,175,54,0,0,0,0,0,0,0,0,0,0,0,0,0,0,0,0,0,0,0,0,N
141,2,463,7,6,8,18,45,52,3,3,3,56,66,98,121,13,290,79,8,90,15,463,1,145,45,0,0,0,0,0,0,0,0,0,0,0,0,0,0,0,0,0,0,0,0,Y
141,2,169,9,5,1,9,9,17,1,1,1,9,11,14,99,1,53,14,1,19,9,169,1,25,9,0,0,0,0,0,0,0,0,0,0,0,0,0,0,0,0,0,0,0,0,Y
141,2,190,9,7,7,14,17,16,2,2,2,17,21,34,78,7,96,31,7,38,8,190,1,52,17,0,0,0,0,0,0,0,0,0,0,0,0,0,0,0,0,0,0,0,0,Y
141,2,169,2,1,2,5,7,10,1,1,1,7,8,16,93,2,66,13,2,30,5,169,1,21,7,0,0,0,0,0,0,0,0,0,0,0,0,0,0,0,0,0,0,0,0,N
141,2,105,7,2,1,3,3,8,1,1,1,3,3,2,75,1,22,2,1,12,3,105,1,5,3,0,0,0,0,0,0,0,0,0,0,0,0,0,0,0,0,0,0,0,0,N
141,2,204,2,1,1,10,10,21,1,1,1,10,13,9,130,1,53,9,1,22,10,204,1,22,10,0,0,0,0,0,0,0,0,0,0,0,0,0,0,0,0,0,0,0,0,N
141,2,168,1,0,2,5,7,12,1,1,1,7,8,16,103,2,53,13,2,17,5,168,1,21,7,0,0,0,0,0,0,0,0,0,0,0,0,0,0,0,0,0,0,0,0,N
15,7,172,3,1,3,5,8,10,1,1,1,8,8,17,93,3,69,14,3,30,5,172,1,22,8,1,0,1,0,0,0,0,1,0,1,0,1,3,1,1,0,0,3,1,1,N
147,13,185,4,1,3,6,9,11,1,1,1,9,9,18,101,3,73,15,3,31,6,185,1,24,9,0,1,1,1,0,0,0,1,1,1,8,0,4,1,0,1,1,13,2,1,N
147,49,192,12,5,3,4,10,10,2,2,2,10,14,39,81,3,101,30,3,34,4,192,1,44,10,0,1,4,3,0,0,0,4,6,16,8,0,34,13,0,8,1,45,19,4,Y
147,10,109,6,1,1,3,3,11,1,1,1,3,7,0,84,1,14,0,1,12,3,109,1,7,3,0,1,1,1,0,0,0,1,1,0,8,0,1,0,0,1,1,10,1,1,N
147,13,184,6,1,1,4,4,9,1,1,1,4,5,3,150,1,25,3,1,12,4,184,1,8,4,0,1,1,1,0,0,0,1,1,1,8,0,4,1,0,1,1,13,2,1,N
147,12,180,2,0,2,6,8,12,1,1,1,8,9,17,111,2,57,14,2,18,6,180,1,23,8,0,1,1,0,0,0,0,1,1,1,8,0,4,1,0,1,1,12,2,1,N
140,13,118,8,2,1,4,4,9,1,1,1,4,4,3,83,1,26,3,1,13,4,118,1,7,4,0,1,1,1,0,0,0,1,1,1,8,0,4,1,0,1,1,13,2,1,N
140,13,217,3,1,1,11,11,22,1,1,1,11,14,10,138,1,57,10,1,23,11,217,1,24,11,0,1,1,1,0,0,0,1,1,1,8,0,4,1,0,1,1,13,2,1,N
85,474,767,8,7,11,43,77,74,2,3,2,96,94,186,189,14,504,140,11,134,32,767,1,234,77,3,25,32,22,-1,0,-1,40,28,88,68,1,214,61,3,44,17,304,89,32,Y
149,2,585,33,19,6,27,56,57,2,2,2,63,55,111,177,7,351,92,6,108,27,585,1,147,56,0,0,0,0,0,0,0,0,0,0,0,0,0,0,0,0,0,0,0,0,N
149,44,845,46,32,7,53,80,92,1,2,1,94,133,152,233,13,521,133,7,197,42,845,2,266,80,0,3,4,2,0,0,0,4,4,4,12,1,16,4,0,4,3,30,8,4,Y
158,140,273,7,3,8,5,15,27,3,3,3,16,33,54,94,9,152,42,8,60,5,273,1,75,15,2,-1,1,-2,1,1,1,1,2,5,-17,2,11,4,2,2,-1,-8,6,1,Y
158,17,361,7,4,6,17,29,39,1,1,1,30,54,73,87,7,236,67,6,89,17,361,2,121,29,0,-1,-1,0,0,0,0,-1,0,0,-5,0,-2,0,0,0,-1,-7,0,-1,N
158,9,84,5,2,1,1,1,5,1,1,1,1,5,7,51,1,28,5,1,11,1,84,1,10,1,0,0,0,0,0,0,0,0,0,0,0,0,1,0,0,1,0,1,0,0,Y
158,9,93,4,2,1,3,3,10,1,1,1,3,11,0,64,1,19,0,1,17,3,93,1,11,3,0,-1,-1,-1,0,0,0,-1,-1,0,-5,0,-1,0,0,-1,-1,-7,-1,-1,N
121,10,226,20,13,6,9,17,25,1,2,1,18,31,32,74,7,127,31,6,57,9,226,1,62,17,-1,0,-1,-1,-1,0,-1,-1,-1,-2,0,-1,-5,-2,-1,-1,0,-6,-3,-1,Y
243,34,161,19,10,4,5,7,10,2,2,2,7,10,33,74,4,77,22,4,26,3,161,1,32,7,0,0,0,1,0,0,0,0,1,14,-17,0,18,6,0,4,0,2,7,0,Y
114,2,191,18,12,5,7,9,18,2,2,2,10,14,32,77,5,97,28,5,38,4,192,1,42,9,0,0,0,0,0,0,0,0,0,1,0,0,2,1,0,1,0,2,1,0,Y
74,6,324,22,15,4,18,25,37,1,1,1,25,42,61,95,4,192,50,4,71,14,324,1,92,25,0,0,1,0,0,0,0,1,0,2,0,0,6,2,0,2,0,6,2,1,Y
121,2,277,15,9,10,8,20,28,2,2,2,22,36,40,95,12,154,36,10,70,8,277,1,72,20,0,0,0,0,0,0,0,0,0,0,0,0,0,0,0,0,0,0,0,0,N
121,16,597,34,19,6,27,57,57,2,2,2,64,56,115,177,7,363,95,6,110,27,597,1,151,57,0,0,1,0,0,0,0,1,1,4,0,0,12,3,0,2,0,12,4,1,Y
121,1,168,6,6,3,6,10,20,1,1,1,10,13,18,83,3,65,15,3,22,6,168,2,28,10,0,0,0,0,0,0,0,0,0,0,0,0,1,0,0,1,0,1,0,0,Y
74,14,609,35,20,6,28,58,58,2,2,2,65,57,116,183,7,368,96,6,112,28,609,1,153,58,0,1,1,1,0,0,0,1,1,1,6,0,5,1,0,2,1,12,2,1,Y
74,11,134,10,4,1,10,10,14,1,1,1,10,11,0,101,1,19,0,1,17,10,134,1,11,10,0,2,2,3,0,0,0,2,2,0,6,0,2,0,0,2,2,11,2,2,N
158,3,608,36,21,6,28,58,58,2,2,2,65,57,116,183,7,367,96,6,111,28,608,1,153,58,0,0,0,0,0,0,0,0,0,0,0,0,-1,0,0,-1,0,-1,0,0,N
127,15,200,5,1,3,7,10,14,1,1,1,10,10,19,109,3,77,16,3,32,7,200,1,26,10,0,1,1,3,0,0,0,1,1,1,8,0,4,1,0,1,1,15,2,1,N
127,15,207,13,6,3,5,11,12,2,2,2,11,16,40,89,3,106,31,3,36,5,207,1,47,11,0,1,1,2,0,0,0,1,2,1,8,0,5,1,0,2,1,15,3,1,N
127,10,119,7,1,1,4,4,12,1,1,1,4,8,0,92,1,15,0,1,13,4,119,1,8,4,0,1,1,1,0,0,0,1,1,0,8,0,1,0,0,1,1,10,1,1,N
127,14,132,9,2,1,5,5,10,1,1,1,5,6,4,91,1,31,4,1,15,5,132,1,10,5,0,1,1,1,0,0,0,1,2,1,8,0,5,1,0,2,1,14,3,1,N
127,16,200,7,1,1,5,5,12,1,1,1,5,7,4,158,1,30,4,1,14,5,200,1,11,5,0,1,1,3,0,0,0,1,2,1,8,0,5,1,0,2,1,16,3,1,N
127,13,230,4,1,1,12,12,23,1,1,1,12,15,11,146,1,61,11,1,24,12,230,1,26,12,0,1,1,1,0,0,0,1,1,1,8,0,4,1,0,1,1,13,2,1,N
127,14,194,3,0,2,7,9,14,1,1,1,9,10,18,119,2,61,15,2,19,7,194,1,25,9,0,1,1,2,0,0,0,1,1,1,8,0,4,1,0,1,1,14,2,1,N
154,9,768,9,8,11,43,77,73,2,3,2,97,94,186,191,14,504,140,11,134,32,768,1,234,77,0,0,0,-1,0,0,0,1,0,0,2,0,0,0,0,0,0,1,0,0,Y
150,3,767,10,9,11,43,77,73,2,3,2,97,94,185,191,14,503,139,11,134,32,767,1,233,77,0,0,0,0,0,0,0,0,0,-1,0,0,-1,-1,0,0,0,-1,-1,0,Y
93,2,193,19,13,5,7,9,18,2,2,2,10,15,33,77,5,99,29,5,39,4,194,1,44,9,0,0,0,0,0,0,0,0,1,1,0,0,2,1,0,1,0,2,2,0,N
93,7,134,3,1,2,3,4,13,1,1,1,4,13,11,58,2,63,10,2,40,3,134,1,23,4,-1,0,-1,1,0,0,0,-1,-2,-2,0,-1,-6,-2,-1,-2,0,-5,-4,-1,N
73,7,30,2,1,1,2,2,4,1,1,1,2,3,2,11,1,15,2,1,7,2,30,1,5,2,0,1,1,0,0,0,0,1,1,1,3,0,4,1,0,1,1,7,2,1,Y
73,17,895,12,10,7,42,71,92,2,2,2,74,107,147,331,8,473,130,7,171,33,896,1,237,71,0,1,1,2,0,0,0,1,3,2,4,0,11,2,0,7,1,17,5,1,Y
23,2,146,1,1,4,3,6,12,2,2,2,6,18,16,61,4,73,11,4,39,3,146,1,29,6,0,0,0,0,0,0,0,0,0,0,0,0,0,0,0,0,0,0,0,0,N
55,2,207,14,6,3,5,11,12,2,2,2,11,16,40,89,3,106,31,3,36,5,207,1,47,11,0,0,0,0,0,0,0,0,0,0,0,0,0,0,0,0,0,0,0,0,N
35,2,191,20,13,5,7,9,18,2,2,2,10,14,32,77,5,97,28,5,38,4,192,1,42,9,0,0,0,0,0,0,0,0,-1,-1,0,0,-2,-1,0,-1,0,-2,-2,0,N
19,5,519,12,11,14,27,59,49,3,3,3,62,85,129,77,16,394,113,14,126,18,519,2,198,59,0,0,0,1,0,0,0,0,0,0,0,0,0,0,0,0,0,1,0,0,Y
393,32,330,23,16,4,18,27,36,1,1,1,27,42,65,95,4,199,54,4,70,14,330,1,96,27,0,0,2,-1,0,0,0,2,0,4,0,0,7,4,0,-1,0,6,4,2,Y
393,6,895,13,11,7,42,71,92,2,2,2,74,107,147,331,8,473,130,7,171,33,896,1,237,71,0,0,0,0,0,0,0,0,0,0,0,0,0,0,0,0,0,0,0,0,Y
256,10,617,19,16,14,17,44,62,4,4,4,47,112,154,117,16,438,131,14,176,11,617,1,243,44,0,0,0,-1,0,0,0,0,-1,0,0,0,-3,0,0,-3,0,-4,-1,0,N
453,156,338,5,3,9,12,25,39,3,3,3,27,51,72,74,10,225,61,9,99,7,338,1,112,25,0,0,0,-2,0,0,0,0,0,0,0,0,0,0,0,0,0,-2,0,0,Y
453,6,456,34,28,14,18,41,42,4,4,4,43,62,121,75,16,339,97,14,120,10,456,1,159,41,0,0,0,0,0,0,0,0,0,0,0,0,0,0,0,0,0,0,0,0,Y
453,5,227,21,14,6,9,17,25,1,2,1,18,30,33,75,7,127,32,6,56,9,227,1,62,17,0,0,0,0,0,0,0,0,-1,1,1,0,0,1,0,-1,0,1,0,0,Y
63,4,130,9,5,3,3,6,13,2,2,2,6,8,12,64,3,53,12,3,27,3,130,1,20,6,0,0,0,0,0,0,0,0,0,0,0,0,0,0,0,0,0,0,0,0,N
63,24,140,11,4,1,9,9,13,1,1,1,9,10,0,109,1,18,0,1,16,9,140,1,10,9,0,-1,-1,-1,0,0,0,-1,-1,0,8,0,-1,0,0,-1,-1,6,-1,-1,N
63,46,614,37,21,6,27,57,57,2,2,2,64,56,118,190,7,367,97,6,109,27,614,1,153,57,0,-1,-1,-1,0,0,0,-1,-1,2,7,0,0,1,0,-2,-1,6,0,-1,N
298,75,342,8,4,8,8,19,33,3,4,3,20,46,70,113,9,196,55,8,78,5,342,1,101,19,0,3,4,6,0,1,0,4,13,16,19,0,44,13,0,18,0,69,26,4,Y
298,2,95,5,2,1,3,3,10,1,1,1,3,13,0,64,1,21,0,1,19,3,95,1,13,3,0,0,0,0,0,0,0,0,2,0,0,0,2,0,0,2,0,2,2,0,N
92,49,894,14,12,7,43,72,92,2,2,2,75,108,154,332,8,471,137,7,160,34,895,1,245,72,0,1,1,0,0,0,0,1,1,7,1,0,-2,7,0,-11,1,-1,8,1,Y
52,37,359,6,4,9,12,27,39,3,4,3,29,57,78,79,10,241,65,9,105,7,359,1,122,27,0,0,2,0,0,1,0,2,6,6,5,0,16,4,0,6,0,21,10,2,Y
57,6,614,38,21,6,27,57,57,2,2,2,64,56,118,190,7,367,97,6,109,27,614,1,153,57,0,0,0,0,0,0,0,0,0,0,0,0,0,0,0,0,0,0,0,0,N
29,8,102,13,3,2,2,3,7,1,2,1,4,6,8,62,3,33,5,2,17,2,102,1,11,3,0,0,0,0,0,0,0,0,0,0,0,0,0,0,0,0,0,0,0,0,N
341,21,146,14,9,2,6,8,15,1,1,1,8,13,13,79,2,52,13,2,21,6,146,1,26,8,0,-2,-2,-4,0,0,0,-2,-2,-4,-6,0,-11,-2,0,-3,-2,-21,-4,-2,N
341,20,825,47,33,7,51,78,89,1,2,1,92,131,148,227,13,510,131,7,194,40,825,2,262,78,0,-2,-2,-3,0,0,0,-2,-2,-4,-6,0,-11,-2,0,-3,-2,-20,-4,-2,N
341,18,79,7,4,1,1,1,4,1,1,1,1,2,2,58,1,17,2,1,11,1,79,1,4,1,0,-1,-1,-5,0,0,0,-1,-1,-2,-3,0,-6,-1,0,-2,-1,-14,-2,-1,N
341,6,124,12,2,0,0,0,15,0,0,0,0,14,0,92,0,17,0,0,15,0,124,1,14,0,0,0,0,0,0,0,0,0,1,0,3,0,1,0,0,1,0,4,1,0,N
39,29,516,13,12,14,27,59,45,3,3,3,62,85,130,77,16,395,113,14,126,18,516,2,198,59,0,0,0,-4,0,0,0,0,0,1,0,0,1,0,0,0,0,-3,0,0,Y
14,7,361,20,14,4,28,34,43,1,1,1,39,43,55,124,5,194,50,4,71,21,361,1,93,34,0,0,0,1,0,0,0,0,0,0,0,0,0,0,0,0,0,1,0,0,Y
25,2,456,35,29,14,18,41,42,4,4,4,43,62,120,76,16,338,96,14,120,10,456,1,158,41,0,0,0,0,0,0,0,0,0,-1,1,0,-1,-1,0,0,0,0,-1,0,Y
63,10,265,1,0,6,3,13,31,4,4,4,13,46,55,65,6,169,49,6,80,3,265,1,95,13,0,0,0,0,0,0,0,0,0,0,0,0,0,0,0,0,0,0,0,0,N
23,2,617,20,16,14,17,44,62,4,4,4,47,112,154,117,16,438,131,14,176,11,617,1,243,44,0,0,0,0,0,0,0,0,0,0,0,0,0,0,0,0,0,0,0,0,N
23,2,79,8,4,1,1,1,4,1,1,1,1,2,2,58,1,17,2,1,11,1,79,1,4,1,0,0,0,0,0,0,0,0,0,0,0,0,0,0,0,0,0,0,0,0,N
23,2,169,10,6,1,9,9,17,1,1,1,9,11,14,99,1,53,14,1,19,9,169,1,25,9,0,0,0,0,0,0,0,0,0,0,0,0,0,0,0,0,0,0,0,0,N
144,16,116,3,2,1,5,5,10,1,1,1,5,7,4,80,1,26,3,1,10,5,116,1,10,5,0,1,1,2,0,0,0,1,2,1,9,0,5,1,0,2,1,16,3,1,Y
144,5,119,13,2,0,0,0,14,0,0,0,0,13,0,89,0,16,0,0,14,0,119,1,13,0,0,0,0,-1,0,0,0,0,-1,0,-3,0,-1,0,0,-1,0,-5,-1,0,N
337,13,469,36,30,15,18,42,44,4,4,4,44,63,125,78,17,347,101,15,122,10,469,1,164,42,1,0,1,2,0,0,0,1,1,5,2,1,9,5,1,2,0,13,6,1,Y
337,31,600,21,16,14,17,44,60,4,4,4,47,109,149,110,16,430,130,14,173,11,600,1,239,44,0,0,0,-2,0,0,0,0,-3,-5,-7,0,-8,-1,0,-3,0,-17,-4,0,Y
337,4,265,2,0,6,3,13,31,4,4,4,13,46,55,65,6,169,49,6,80,3,265,1,95,13,0,0,0,0,0,0,0,0,0,0,0,0,0,0,0,0,0,0,0,0,N
337,140,495,21,15,5,37,49,54,1,2,1,55,64,97,138,6,303,85,5,104,27,495,1,149,49,1,9,15,11,0,1,0,16,21,42,14,1,109,35,1,33,6,134,56,15,Y
172,3,231,9,7,3,9,17,27,1,2,1,22,15,39,106,4,98,39,3,26,9,231,1,54,17,0,0,0,0,0,0,0,0,0,2,0,0,3,2,0,1,0,3,2,0,Y
123,8,83,9,4,1,1,1,5,1,1,1,1,2,3,58,1,20,3,1,13,1,83,1,5,1,0,0,0,1,0,0,0,0,0,1,0,0,3,1,0,2,0,4,1,0,N
181,37,360,7,5,9,14,29,38,3,3,3,31,56,72,83,10,239,65,9,105,9,360,1,121,29,0,2,2,-1,0,-1,0,2,-1,-6,4,0,-2,0,0,0,2,1,-1,2,Y
209,373,1046,11,10,7,60,107,105,2,2,2,136,127,242,267,14,674,187,7,174,49,1046,1,314,107,-4,17,30,32,0,-1,0,39,33,57,76,0,171,48,-4,40,17,279,81,30,Y
63,2,600,22,17,14,17,44,60,4,4,4,47,109,149,110,16,430,130,14,173,11,600,1,239,44,0,0,0,0,0,0,0,0,0,0,0,0,0,0,0,0,0,0,0,0,Y
143,2,600,23,18,14,17,44,60,4,4,4,47,109,149,110,16,430,130,14,173,11,600,1,239,44,0,0,0,0,0,0,0,0,0,0,0,0,0,0,0,0,0,0,0,0,N
143,11,500,22,16,5,37,49,53,1,2,1,57,64,103,138,7,309,91,5,104,27,500,1,155,49,0,0,0,-1,0,0,0,2,0,6,0,1,6,6,0,0,0,5,6,0,Y
70,2,360,8,6,9,14,29,38,3,3,3,31,56,72,83,10,239,65,9,105,9,360,1,121,29,0,0,0,0,0,0,0,0,0,0,0,0,0,0,0,0,0,0,0,0,Y
181,2,500,23,17,5,37,49,53,1,2,1,57,64,103,138,7,309,91,5,104,27,500,1,155,49,0,0,0,0,0,0,0,0,0,0,0,0,0,0,0,0,0,0,0,0,Y
181,33,1057,12,11,7,60,107,108,2,2,2,136,127,241,274,14,675,185,7,174,49,1057,1,312,107,0,0,0,3,0,0,0,0,0,-1,7,0,1,-2,0,0,0,11,-2,0,Y
166,5,232,22,15,6,10,18,26,1,1,1,19,31,33,75,7,131,32,6,58,10,232,1,63,18,0,1,1,1,0,-1,0,1,1,0,0,0,4,0,0,2,1,5,1,1,Y
166,63,1090,13,12,7,61,111,107,2,2,2,140,131,262,269,14,714,204,7,180,50,1090,1,335,111,0,1,4,-1,0,0,0,4,4,21,-5,0,39,19,0,6,1,33,23,4,Y
108,7,499,24,18,5,37,49,52,1,2,1,57,64,103,138,7,309,91,5,104,27,499,1,155,49,0,0,0,-1,0,0,0,0,0,0,0,0,0,0,0,0,0,-1,0,0,Y
311,60,1098,14,13,7,61,112,107,2,2,2,142,131,266,269,14,722,207,7,180,50,1098,1,338,112,0,0,1,0,0,0,0,2,0,4,0,0,8,3,0,0,0,8,3,1,Y
130,27,917,15,13,7,44,75,97,2,2,2,79,111,158,336,8,485,141,7,164,35,918,1,252,75,0,1,3,5,0,0,0,4,3,4,4,0,14,4,0,4,1,23,7,3,Y
91,56,270,23,16,6,12,23,28,1,2,1,26,43,44,77,7,165,42,6,71,12,270,1,85,23,0,2,5,2,0,1,0,7,12,11,2,0,34,10,0,13,2,38,22,5,Y
304,12,362,9,7,9,14,29,39,3,3,3,31,56,73,83,10,240,66,9,105,9,362,1,122,29,0,0,0,1,0,0,0,0,0,1,0,0,1,1,0,0,0,2,1,0,N
304,97,657,24,18,14,17,44,66,4,4,4,47,120,188,111,16,480,163,14,184,11,657,1,283,44,0,0,0,6,0,0,0,0,11,39,1,0,50,33,0,11,0,57,44,0,Y
304,10,475,37,31,15,18,42,44,4,4,4,44,65,129,78,17,353,104,15,124,10,475,1,169,42,0,0,0,0,0,0,0,0,2,4,0,0,6,3,0,2,0,6,5,0,Y
304,74,293,3,0,7,3,14,33,4,4,4,14,46,74,67,7,193,65,7,81,3,293,1,111,14,1,0,1,2,0,0,0,1,0,19,2,1,24,16,1,1,0,28,16,1,Y
35,32,199,10,8,2,7,12,23,1,2,1,16,12,29,99,3,77,29,2,22,7,199,1,41,12,-1,-2,-5,-4,0,0,0,-6,-3,-10,-7,-1,-21,-10,-1,-4,-2,-32,-13,-5,N
35,11,135,15,9,2,5,7,14,1,1,1,7,12,12,73,2,48,12,2,20,5,135,1,24,7,0,-1,-1,-1,0,0,0,-1,-1,-1,-6,0,-4,-1,0,-1,-1,-11,-2,-1,N
113,23,484,25,19,5,36,48,53,1,2,1,55,60,96,137,7,294,86,5,98,27,484,1,146,48,0,-1,-1,1,0,0,0,-2,-4,-7,-1,0,-15,-5,0,-6,0,-15,-9,-1,Y
102,29,51,3,2,1,4,4,6,1,1,1,4,5,7,17,1,28,4,1,11,4,51,1,9,4,0,2,2,2,0,0,0,2,2,5,6,0,13,2,0,4,2,21,4,2,Y
86,125,206,10,4,4,6,13,19,2,2,2,15,14,42,81,4,106,31,4,39,6,206,1,45,13,3,5,12,14,1,1,1,14,12,39,23,3,86,28,3,26,5,123,40,12,Y
22,4,297,4,1,7,3,14,33,4,4,4,14,46,74,67,7,197,65,7,81,3,297,1,111,14,0,0,0,0,0,0,0,0,0,0,0,0,4,0,0,0,0,4,0,0,N
61,41,858,48,33,7,52,81,91,1,2,1,95,137,155,229,13,539,138,7,210,41,858,2,275,81,0,1,3,2,0,0,0,3,6,7,2,0,29,7,0,16,1,33,13,3,Y
65,5,615,39,21,6,27,57,58,2,2,2,64,56,118,190,7,367,97,6,109,27,615,1,153,57,0,0,0,1,0,0,0,0,0,0,0,0,0,0,0,0,0,1,0,0,Y
62,25,97,1,0,2,2,3,11,1,1,1,3,3,6,62,2,24,5,2,10,2,97,1,8,3,0,0,0,4,0,-1,0,-1,-4,-3,0,-1,-11,-1,0,-8,0,-7,-5,0,N
42,14,858,49,34,7,52,83,93,2,2,2,97,139,158,222,13,544,141,7,208,41,858,2,280,83,0,0,2,2,1,0,1,2,2,3,-7,0,5,3,0,-2,0,0,5,2,Y
63,5,658,25,19,14,17,44,67,4,4,4,47,120,188,111,16,480,163,14,184,11,658,1,283,44,0,0,0,1,0,0,0,0,0,0,0,0,0,0,0,0,0,1,0,0,Y
91,2,297,5,1,7,3,14,33,4,4,4,14,46,75,66,7,198,66,7,81,3,297,1,112,14,0,0,0,0,0,0,0,0,0,1,-1,0,1,1,0,0,0,0,1,0,N
177,5,120,14,2,0,0,0,14,0,0,0,0,13,0,90,0,16,0,0,14,0,120,1,13,0,0,0,0,0,0,0,0,0,0,0,1,0,0,0,0,0,0,1,0,0,N
177,10,169,11,6,2,9,10,17,1,1,1,11,12,17,93,3,59,17,2,20,9,169,1,29,10,1,0,1,0,0,0,0,2,1,3,-6,2,6,3,1,1,0,0,4,1,N
112,3,859,50,35,7,52,83,93,2,2,2,98,140,158,222,13,545,141,7,209,41,859,2,281,83,0,0,0,0,0,0,0,1,1,0,0,0,1,0,0,1,0,1,1,0,N
19,2,79,5,0,1,2,2,5,1,1,1,2,3,2,58,1,15,1,1,8,2,78,1,4,2,0,0,0,0,0,0,0,0,0,0,0,0,0,0,0,0,0,0,0,0,N
15,4,83,7,1,1,2,2,7,1,1,1,2,4,2,59,1,17,2,1,11,2,83,1,6,2,0,0,0,0,0,0,0,0,0,0,0,0,0,0,0,0,0,0,0,0,N
52,20,621,40,22,6,27,58,54,2,2,2,65,57,122,191,7,376,99,6,110,27,621,1,156,58,0,0,1,-4,0,0,0,1,1,4,1,0,9,2,0,1,0,6,3,1,N
642,147,323,24,17,5,18,27,36,1,1,1,27,37,63,95,5,192,52,5,65,14,323,1,89,27,1,0,0,0,0,0,0,0,-5,-2,0,1,-7,-2,1,-5,0,-7,-7,0,Y
642,7,137,10,5,3,3,6,13,2,2,2,6,8,14,69,3,55,13,3,27,3,137,1,21,6,0,0,0,0,0,0,0,0,0,2,5,0,2,1,0,0,0,7,1,0,N
642,1,168,12,6,2,9,10,17,1,1,1,11,12,16,93,3,58,16,2,20,9,168,1,28,10,0,0,0,0,0,0,0,0,0,-1,0,0,-1,-1,0,0,0,-1,-1,0,N
166,48,665,41,22,6,28,64,59,2,2,2,71,64,133,196,7,410,109,6,121,28,665,1,173,64,0,1,6,5,0,0,0,6,7,11,5,0,34,10,0,11,1,44,17,6,Y
282,105,321,10,7,5,9,24,37,2,2,2,25,47,55,80,6,204,47,5,95,9,321,1,94,24,-4,-5,-5,-2,-1,-1,-1,-6,-9,-18,-3,-4,-36,-19,-4,-10,0,-41,-28,-5,Y
282,74,933,51,35,7,57,90,100,2,2,2,105,151,182,239,13,595,163,7,221,42,933,2,314,90,0,5,7,7,0,0,0,7,11,24,17,0,50,22,0,12,1,74,33,7,Y
53,73,738,42,23,6,33,71,64,2,2,2,78,77,149,218,7,456,121,6,135,33,738,1,198,71,0,5,7,5,0,0,0,7,13,16,22,0,46,12,0,14,5,73,25,7,Y
58,4,270,24,17,6,12,23,28,1,2,1,26,43,43,77,7,165,41,6,72,12,270,1,84,23,0,0,0,0,0,0,0,0,0,-1,0,0,0,-1,0,1,0,0,-1,0,N
58,2,738,43,24,6,33,71,64,2,2,2,78,77,149,218,7,456,121,6,135,33,738,1,198,71,0,0,0,0,0,0,0,0,0,0,0,0,0,0,0,0,0,0,0,0,N
58,7,127,15,2,0,0,0,16,0,0,0,0,14,0,94,0,17,0,0,15,0,127,1,14,0,0,0,0,2,0,0,0,0,1,0,4,0,1,0,0,1,0,7,1,0,N
91,81,282,16,9,11,12,18,26,3,3,3,19,28,45,110,12,146,40,11,57,6,282,1,68,18,1,4,-2,-2,1,1,1,-3,-8,5,15,0,-8,4,1,-13,-2,5,-4,-2,Y
91,4,249,9,3,5,5,13,22,2,2,2,14,23,25,123,6,104,25,5,51,5,249,1,48,13,0,0,0,0,0,0,0,0,0,0,0,0,0,0,0,0,0,0,0,0,N
91,2,141,6,1,3,4,7,13,1,1,1,7,10,17,70,3,58,15,3,21,4,141,1,25,7,0,0,0,0,0,0,0,0,0,0,0,0,0,0,0,0,0,0,0,0,N
91,2,191,21,13,5,7,9,18,2,2,2,10,14,32,77,5,97,28,5,38,4,192,1,42,9,0,0,0,0,0,0,0,0,0,0,0,0,0,0,0,0,0,0,0,0,N
91,4,475,38,32,15,18,42,44,4,4,4,44,65,129,78,17,353,104,15,124,10,475,1,169,42,0,0,0,0,0,0,0,0,0,0,0,0,0,0,0,0,0,0,0,0,N
91,4,658,26,20,14,17,44,67,4,4,4,47,120,188,111,16,480,163,14,184,11,658,1,283,44,0,0,0,0,0,0,0,0,0,0,0,0,0,0,0,0,0,0,0,0,N
91,4,270,25,17,6,12,23,28,1,2,1,26,43,43,77,7,165,41,6,72,12,270,1,84,23,0,0,0,0,0,0,0,0,0,0,0,0,0,0,0,0,0,0,0,0,N
91,4,146,2,1,4,3,6,12,2,2,2,6,18,16,61,4,73,11,4,39,3,146,1,29,6,0,0,0,0,0,0,0,0,0,0,0,0,0,0,0,0,0,0,0,0,N
91,4,321,11,8,5,9,24,37,2,2,2,25,47,55,80,6,204,47,5,95,9,321,1,94,24,0,0,0,0,0,0,0,0,0,0,0,0,0,0,0,0,0,0,0,0,N
91,77,749,44,24,6,34,72,65,2,2,2,79,78,151,223,7,461,122,6,136,34,749,1,200,72,0,1,1,1,0,0,0,1,1,2,5,0,5,1,0,1,1,11,2,1,N
91,9,147,12,4,1,10,10,14,1,1,1,10,11,0,114,1,19,0,1,17,10,147,1,11,10,0,1,1,1,0,0,0,1,1,0,5,0,1,0,0,1,1,7,1,1,N
91,51,320,25,18,4,18,27,33,1,1,1,27,35,64,95,4,192,53,4,64,14,320,1,88,27,-1,0,0,-3,0,0,0,0,-2,1,0,-1,0,1,-1,-1,0,-3,-1,0,Y
91,2,516,14,13,14,27,59,45,3,3,3,62,85,130,77,16,395,113,14,126,18,516,2,198,59,0,0,0,0,0,0,0,0,0,0,0,0,0,0,0,0,0,0,0,0,N
91,16,188,10,8,3,7,10,16,1,1,1,10,14,18,106,3,66,15,3,28,7,188,1,29,10,-4,-7,-7,0,-1,-1,-1,-7,-7,-16,28,-4,-30,-16,-4,-10,-1,-2,-23,-7,N
50,6,141,7,1,3,4,7,13,1,1,1,7,9,15,73,3,55,13,3,20,4,141,1,22,7,0,0,0,0,0,0,0,0,-1,-2,3,0,-3,-2,0,-1,0,0,-3,0,N
358,45,942,16,14,7,45,78,99,2,2,2,82,115,165,341,8,503,146,7,167,36,943,1,261,78,0,1,3,2,0,0,0,3,4,7,5,0,18,5,0,3,1,25,9,3,Y
20,5,466,13,11,7,28,43,46,2,2,2,47,55,99,140,11,280,90,7,95,19,466,1,145,43,0,-1,-1,-1,0,0,0,-1,0,-2,0,0,-2,-2,0,0,0,-3,-2,-1,N
337,11,252,10,3,5,5,13,23,2,2,2,14,24,25,123,6,106,25,5,53,5,252,1,49,13,0,0,0,1,0,0,0,0,1,0,0,0,2,0,0,2,0,3,1,0,N
337,6,145,8,1,3,4,7,14,1,1,1,7,10,15,73,3,58,13,3,23,4,145,1,23,7,0,0,0,1,0,0,0,0,1,0,0,0,3,0,0,3,0,4,1,0,N
337,18,485,39,32,15,18,42,47,4,4,4,44,68,129,78,17,360,104,15,131,10,485,1,172,42,0,0,0,3,0,0,0,0,3,0,0,0,7,0,0,7,0,10,3,0,Y
337,14,270,26,17,6,12,23,28,1,2,1,26,43,43,77,7,165,41,6,72,12,270,1,84,23,0,0,0,0,0,0,0,0,0,0,0,0,0,0,0,0,0,0,0,0,Y
337,4,104,14,3,2,2,3,7,1,2,1,4,7,8,62,3,35,5,2,19,2,104,1,12,3,0,0,0,0,0,0,0,0,1,0,0,0,2,0,0,2,0,2,1,0,N
337,14,753,45,24,6,34,73,65,2,2,2,80,79,153,223,7,465,124,6,136,34,753,1,203,73,0,0,1,0,0,0,0,1,1,2,0,0,4,2,0,0,0,4,3,1,Y
337,4,80,33,29,1,12,12,5,1,1,1,12,13,0,50,1,25,0,1,23,12,80,1,13,12,0,-2,-2,0,0,0,0,-2,-2,0,0,0,-2,0,0,-2,-2,-2,-2,-2,Y
337,14,456,14,11,7,26,41,44,2,2,2,45,53,97,140,11,272,88,7,93,17,456,1,141,41,0,-2,-2,-2,0,0,0,-2,-2,-2,0,0,-8,-2,0,-2,-2,-10,-4,-2,Y
337,14,129,11,5,3,3,6,13,2,2,2,6,7,13,65,3,51,12,3,24,3,129,1,19,6,0,0,0,0,0,0,0,0,-1,-1,-4,0,-4,-1,0,-3,0,-8,-2,0,Y
337,3,199,6,1,3,7,10,14,1,1,1,10,10,19,109,3,76,16,3,31,7,199,1,26,10,0,0,0,0,0,0,0,0,0,0,0,0,-1,0,0,-1,0,-1,0,0,N
337,38,266,5,1,2,14,15,25,1,1,1,15,18,18,159,2,82,15,2,30,14,266,1,33,15,1,2,3,2,0,0,0,3,3,7,13,1,21,4,1,6,2,36,7,3,N
337,2,194,4,0,2,7,9,14,1,1,1,9,10,18,119,2,61,15,2,19,7,194,1,25,9,0,0,0,0,0,0,0,0,0,0,0,0,0,0,0,0,0,0,0,0,N
61,6,136,15,8,4,3,6,10,2,2,2,6,10,18,69,4,58,14,4,22,3,136,1,24,6,0,0,0,2,0,0,0,0,1,2,0,0,4,2,0,2,0,6,3,0,Y
257,1,137,16,9,4,3,6,10,2,2,2,6,10,19,69,4,59,15,4,22,3,137,1,25,6,0,0,0,0,0,0,0,0,0,1,0,0,1,1,0,0,0,1,1,0,N
71,19,752,46,25,6,34,73,65,2,2,2,80,79,153,222,7,465,124,6,136,34,752,1,203,73,0,0,0,0,0,0,0,0,0,0,-1,0,0,0,0,0,0,-1,0,0,N
120,2,146,3,1,4,3,6,12,2,2,2,6,18,16,61,4,73,11,4,39,3,146,1,29,6,0,0,0,0,0,0,0,0,0,0,0,0,0,0,0,0,0,0,0,0,N
51,2,752,47,25,6,34,73,65,2,2,2,80,79,153,222,7,465,124,6,136,34,752,1,203,73,0,0,0,0,0,0,0,0,0,0,0,0,0,0,0,0,0,0,0,0,N
25,74,314,27,18,6,13,25,34,1,2,1,28,53,52,83,7,197,49,6,89,13,314,1,102,25,0,1,2,6,0,0,0,2,10,9,6,0,32,8,0,17,1,44,18,2,Y
29,2,51,4,3,1,4,4,6,1,1,1,4,5,7,17,1,28,4,1,11,4,51,1,9,4,0,0,0,0,0,0,0,0,0,0,0,0,0,0,0,0,0,0,0,0,Y
45,9,757,48,25,6,34,73,65,2,2,2,80,79,153,227,7,465,124,6,136,34,757,1,203,73,0,0,0,0,0,0,0,0,0,0,5,0,0,0,0,0,0,5,0,0,N
92,2,757,49,25,6,34,73,65,2,2,2,80,79,153,227,7,465,124,6,136,34,757,1,203,73,0,0,0,0,0,0,0,0,0,0,0,0,0,0,0,0,0,0,0,0,N
64,16,745,50,25,6,34,73,65,2,2,2,80,79,153,215,7,465,124,6,136,34,745,1,203,73,0,0,0,0,0,0,0,0,0,0,-12,0,0,0,0,0,0,-12,0,0,N
64,31,80,5,4,2,5,6,10,1,1,1,6,9,13,17,2,53,8,2,24,5,80,1,17,6,1,1,2,4,0,0,0,2,4,6,0,1,25,4,1,13,1,29,8,2,Y
43,24,151,13,4,1,10,10,14,1,1,1,10,11,0,118,1,19,0,1,17,10,151,1,11,10,0,0,0,0,0,0,0,0,0,0,4,0,0,0,0,0,0,4,0,0,N
43,6,125,8,1,1,4,4,14,1,1,1,4,9,0,95,1,16,0,1,14,4,125,1,9,4,0,0,0,2,0,0,0,0,1,0,3,0,1,0,0,1,0,6,1,0,N
85,13,317,28,19,6,13,25,35,1,2,1,28,53,53,83,7,199,50,6,90,13,317,1,103,25,0,0,0,1,0,0,0,0,0,1,0,0,2,1,0,1,0,3,1,0,Y
90,49,108,12,2,3,4,4,10,2,2,2,5,7,8,63,4,35,6,3,17,2,108,1,13,4,2,3,3,5,1,1,1,4,5,8,-3,3,25,6,2,11,1,27,11,3,Y
56,43,976,52,36,7,59,94,105,2,2,2,110,157,191,248,13,624,169,7,233,44,976,2,326,94,0,2,4,5,0,0,0,5,6,9,9,0,29,6,0,12,2,43,12,4,Y
75,121,258,14,4,1,27,27,33,1,1,1,27,28,0,181,1,44,0,1,42,27,258,1,28,27,0,17,17,19,0,0,0,17,17,0,63,0,25,0,0,25,17,107,17,17,Y
10,9,742,51,25,6,34,73,62,2,2,2,80,79,153,215,7,465,124,6,136,34,742,1,203,73,0,0,0,-3,0,0,0,0,0,0,0,0,0,0,0,0,0,-3,0,0,N
72,43,717,52,25,6,32,71,59,2,2,2,78,76,151,201,7,457,122,6,134,32,717,1,198,71,0,-2,-2,-3,0,0,0,-2,-3,-2,-14,0,-8,-2,0,-2,-2,-25,-5,-2,N
