project,cls_boot,accuracy,precision,recall,f1,auc,mcc
Zxing,RandomForestClassifier(random_state=0)0,0.7338709677419355,0.5714285714285714,0.5263157894736842,0.547945205479452,0.6759485924112607,0.3604356925413363
Zxing,RandomForestClassifier(random_state=0)1,0.7049180327868853,0.5,0.2222222222222222,0.30769230769230765,0.5645994832041344,0.1745607468521283
Zxing,RandomForestClassifier(random_state=0)2,0.6810344827586207,0.391304347826087,0.28125,0.3272727272727273,0.5572916666666667,0.1284489894925898
Zxing,RandomForestClassifier(random_state=0)3,0.6446280991735537,0.48148148148148145,0.30952380952380953,0.37681159420289856,0.5661543098251959,0.1512796532960983
Zxing,RandomForestClassifier(random_state=0)4,0.6692913385826772,0.42857142857142855,0.23076923076923078,0.3,0.5472027972027972,0.11722190923682718
Zxing,RandomForestClassifier(random_state=0)5,0.6637168141592921,0.5333333333333333,0.20512820512820512,0.2962962962962963,0.5552668052668053,0.15487590327457929
Zxing,RandomForestClassifier(random_state=0)6,0.6640625,0.53125,0.37777777777777777,0.4415584415584416,0.5985274431057563,0.2172810771516354
Zxing,RandomForestClassifier(random_state=0)7,0.7636363636363637,0.5555555555555556,0.5172413793103449,0.5357142857142857,0.6845466155810983,0.3778823963834327
Zxing,RandomForestClassifier(random_state=0)8,0.676923076923077,0.5116279069767442,0.5116279069767442,0.5116279069767442,0.6351242983159583,0.2702485966319166
Zxing,RandomForestClassifier(random_state=0)9,0.6666666666666666,0.4074074074074074,0.3055555555555556,0.3492063492063492,0.560823754789272,0.13372007157572324
Zxing,RandomForestClassifier(random_state=0)10,0.725925925925926,0.6842105263157895,0.29545454545454547,0.41269841269841273,0.6147602397602397,0.30935894777092676
Zxing,RandomForestClassifier(random_state=0)11,0.676923076923077,0.45,0.225,0.3,0.5513888888888889,0.13147377508595978
Zxing,RandomForestClassifier(random_state=0)12,0.6694915254237288,0.4666666666666667,0.3783783783783784,0.417910447761194,0.5904237570904238,0.19268768171343553
Zxing,RandomForestClassifier(random_state=0)13,0.664,0.5151515151515151,0.3953488372093023,0.4473684210526315,0.6001134429948951,0.21578073270716028
Zxing,RandomForestClassifier(random_state=0)14,0.6639344262295082,0.5,0.2926829268292683,0.3692307692307692,0.5722673893405601,0.1717465970795109
Zxing,RandomForestClassifier(random_state=0)15,0.717741935483871,0.5416666666666666,0.35135135135135137,0.4262295081967213,0.612457284871078,0.26047884470506183
Zxing,RandomForestClassifier(random_state=0)16,0.6551724137931034,0.4117647058823529,0.4117647058823529,0.4117647058823529,0.5839311334289813,0.1678622668579627
Zxing,RandomForestClassifier(random_state=0)17,0.7166666666666667,0.6363636363636364,0.35,0.45161290322580644,0.625,0.30457245193658633
Zxing,RandomForestClassifier(random_state=0)18,0.7050359712230215,0.45454545454545453,0.39473684210526316,0.4225352112676056,0.6082595101615426,0.22679769479630546
Zxing,RandomForestClassifier(random_state=0)19,0.6717557251908397,0.44,0.275,0.3384615384615385,0.5605769230769231,0.14199235450298173
Zxing,RandomForestClassifier(random_state=0)20,0.6859504132231405,0.39285714285714285,0.34375,0.3666666666666667,0.5763693820224719,0.15973451760185922
Zxing,RandomForestClassifier(random_state=0)21,0.768,0.53125,0.5483870967741935,0.5396825396825397,0.6944063143445436,0.38474118006788954
Zxing,RandomForestClassifier(random_state=0)22,0.6260869565217392,0.32432432432432434,0.4,0.3582089552238806,0.5529411764705882,0.0995280535087731
Zxing,RandomForestClassifier(random_state=0)23,0.6581196581196581,0.42857142857142855,0.24324324324324326,0.3103448275862069,0.5466216216216215,0.11298426445945477
Zxing,RandomForestClassifier(random_state=0)24,0.7322834645669292,0.6071428571428571,0.425,0.5,0.6492816091954023,0.3345255647961469
Zxing,LogisticRegression(random_state=0)0,0.6290322580645161,0.3181818181818182,0.18421052631578946,0.23333333333333334,0.5048959608323134,0.011816735867167007
Zxing,LogisticRegression(random_state=0)1,0.7213114754098361,0.5714285714285714,0.2222222222222222,0.32,0.5762273901808787,0.21815522895968656
Zxing,LogisticRegression(random_state=0)2,0.6810344827586207,0.2727272727272727,0.09375,0.13953488372093023,0.4992559523809524,-0.002270149022013315
Zxing,LogisticRegression(random_state=0)3,0.6115702479338843,0.3684210526315789,0.16666666666666666,0.22950819672131145,0.5073839662447257,0.01932328693436879
Zxing,LogisticRegression(random_state=0)4,0.7007874015748031,0.5263157894736842,0.2564102564102564,0.3448275862068965,0.5770687645687645,0.19933949524223077
Zxing,LogisticRegression(random_state=0)5,0.6637168141592921,0.5238095238095238,0.28205128205128205,0.36666666666666664,0.5734580734580734,0.17956187519926306
Zxing,LogisticRegression(random_state=0)6,0.6328125,0.4444444444444444,0.17777777777777778,0.25396825396825395,0.5286479250334672,0.07869295886488886
Zxing,LogisticRegression(random_state=0)7,0.7181818181818181,0.42857142857142855,0.20689655172413793,0.2790697674418604,0.5540655598126862,0.1429527695917843
Zxing,LogisticRegression(random_state=0)8,0.6461538461538462,0.42857142857142855,0.20930232558139536,0.28125000000000006,0.5356856455493183,0.09124194003994279
Zxing,LogisticRegression(random_state=0)9,0.6910569105691057,0.4583333333333333,0.3055555555555556,0.3666666666666667,0.5780651340996168,0.17925643880802503
Zxing,LogisticRegression(random_state=0)10,0.6592592592592592,0.42857142857142855,0.13636363636363635,0.20689655172413793,0.5242257742257742,0.07449000313109222
Zxing,LogisticRegression(random_state=0)11,0.7384615384615385,0.75,0.225,0.3461538461538462,0.5958333333333334,0.305609051985322
Zxing,LogisticRegression(random_state=0)12,0.6271186440677966,0.3333333333333333,0.1891891891891892,0.24137931034482757,0.5081748415081748,0.019831574421510338
Zxing,LogisticRegression(random_state=0)13,0.64,0.45,0.20930232558139536,0.28571428571428575,0.5375779920589903,0.09738567360968374
Zxing,LogisticRegression(random_state=0)14,0.6639344262295082,0.5,0.1951219512195122,0.28070175438596495,0.5481782595603734,0.13483499288315803
Zxing,LogisticRegression(random_state=0)15,0.7016129032258065,0.5,0.2972972972972973,0.3728813559322034,0.585430257844051,0.20464011672820842
Zxing,LogisticRegression(random_state=0)16,0.6120689655172413,0.28,0.20588235294117646,0.23728813559322035,0.4931850789096126,-0.015088515432758425
Zxing,LogisticRegression(random_state=0)17,0.675,0.5714285714285714,0.1,0.1702127659574468,0.53125,0.12570911378856728
Zxing,LogisticRegression(random_state=0)18,0.6546762589928058,0.35294117647058826,0.3157894736842105,0.33333333333333337,0.5489838457529964,0.10157837283635797
Zxing,LogisticRegression(random_state=0)19,0.648854961832061,0.40625,0.325,0.36111111111111116,0.5581043956043955,0.12456530309546368
Zxing,LogisticRegression(random_state=0)20,0.71900826446281,0.45,0.28125,0.34615384615384615,0.5788272471910113,0.18719776694520512
Zxing,LogisticRegression(random_state=0)21,0.744,0.47058823529411764,0.25806451612903225,0.3333333333333333,0.5811599176389842,0.20449374505894988
Zxing,LogisticRegression(random_state=0)22,0.6521739130434783,0.2916666666666667,0.23333333333333334,0.2592592592592593,0.5166666666666667,0.03601824256281527
Zxing,LogisticRegression(random_state=0)23,0.6324786324786325,0.35,0.1891891891891892,0.24561403508771934,0.5133445945945946,0.03296707155918815
Zxing,LogisticRegression(random_state=0)24,0.6456692913385826,0.38095238095238093,0.2,0.2622950819672132,0.525287356321839,0.06323542850624232
Zxing,GaussianNB()0,0.6290322580645161,0.34615384615384615,0.23684210526315788,0.28125,0.5195838433292533,0.044357721910046326
Zxing,GaussianNB()1,0.7131147540983607,0.5294117647058824,0.25,0.33962264150943394,0.5784883720930233,0.20673627318962523
Zxing,GaussianNB()2,0.7155172413793104,0.4782608695652174,0.34375,0.4,0.6004464285714286,0.22520277378570938
Zxing,GaussianNB()3,0.5867768595041323,0.3,0.14285714285714285,0.19354838709677416,0.4828209764918625,-0.04403428771966101
Zxing,GaussianNB()4,0.6850393700787402,0.48,0.3076923076923077,0.37500000000000006,0.5799825174825175,0.1855789078995189
Zxing,GaussianNB()5,0.672566371681416,0.5294117647058824,0.46153846153846156,0.4931506849315069,0.6226611226611227,0.25429164435786517
Zxing,GaussianNB()6,0.625,0.4634146341463415,0.4222222222222222,0.4418604651162791,0.5785809906291834,0.16082043907575794
Zxing,GaussianNB()7,0.7,0.4090909090909091,0.3103448275862069,0.35294117647058826,0.5749255002128565,0.1650625228240461
Zxing,GaussianNB()8,0.6153846153846154,0.41025641025641024,0.37209302325581395,0.3902439024390244,0.55386260358193,0.11060078065552009
Zxing,GaussianNB()9,0.6666666666666666,0.4074074074074074,0.3055555555555556,0.3492063492063492,0.560823754789272,0.13372007157572324
Zxing,GaussianNB()10,0.6592592592592592,0.46153846153846156,0.2727272727272727,0.3428571428571428,0.5594405594405594,0.14130580234649381
Zxing,GaussianNB()11,0.6846153846153846,0.48484848484848486,0.4,0.4383561643835617,0.6055555555555555,0.22388216851941858
Zxing,GaussianNB()12,0.6016949152542372,0.3076923076923077,0.21621621621621623,0.25396825396825395,0.496996996996997,-0.0067227745291367925
Zxing,GaussianNB()13,0.624,0.42857142857142855,0.27906976744186046,0.3380281690140845,0.5419739081111742,0.09565015414983011
Zxing,GaussianNB()14,0.6557377049180327,0.4827586206896552,0.34146341463414637,0.4000000000000001,0.5781391147244807,0.1734173106132225
Zxing,GaussianNB()15,0.6290322580645161,0.37142857142857144,0.35135135135135137,0.36111111111111116,0.5492388940664803,0.10010822207899076
Zxing,GaussianNB()16,0.5862068965517241,0.15,0.08823529411764706,0.11111111111111112,0.44045911047345765,-0.14349642606906934
Zxing,GaussianNB()17,0.6083333333333333,0.3870967741935484,0.3,0.3380281690140845,0.53125,0.0673099326903702
Zxing,GaussianNB()18,0.697841726618705,0.4230769230769231,0.2894736842105263,0.34375,0.5704794163626888,0.16110865951801417
Zxing,GaussianNB()19,0.6641221374045801,0.43333333333333335,0.325,0.37142857142857144,0.5690934065934066,0.15145931174143912
Zxing,GaussianNB()20,0.743801652892562,0.5294117647058824,0.28125,0.3673469387755102,0.5956811797752809,0.24287643492990946
Zxing,GaussianNB()21,0.696,0.37037037037037035,0.3225806451612903,0.3448275862068965,0.5708647906657516,0.14873403429998783
Zxing,GaussianNB()22,0.6173913043478261,0.26666666666666666,0.26666666666666666,0.26666666666666666,0.503921568627451,0.00784313725490196
Zxing,GaussianNB()23,0.6324786324786325,0.39285714285714285,0.2972972972972973,0.3384615384615385,0.5423986486486486,0.0924174214310122
Zxing,GaussianNB()24,0.7007874015748031,0.5333333333333333,0.4,0.4571428571428572,0.6195402298850574,0.26144913530841407
Zxing,DecisionTreeClassifier(random_state=0)0,0.6209677419354839,0.40425531914893614,0.5,0.44705882352941173,0.5872093023255814,0.16574465812484748
Zxing,DecisionTreeClassifier(random_state=0)1,0.5655737704918032,0.2926829268292683,0.3333333333333333,0.3116883116883117,0.49806201550387597,-0.003742366632458189
Zxing,DecisionTreeClassifier(random_state=0)2,0.6724137931034483,0.425,0.53125,0.47222222222222215,0.628720238095238,0.2420776364726831
Zxing,DecisionTreeClassifier(random_state=0)3,0.5371900826446281,0.3055555555555556,0.2619047619047619,0.2820512820512821,0.4727245328511151,-0.056804098362845196
Zxing,DecisionTreeClassifier(random_state=0)4,0.6377952755905512,0.34782608695652173,0.20512820512820512,0.2580645161290323,0.5173368298368298,0.0415329456866513
Zxing,DecisionTreeClassifier(random_state=0)5,0.6194690265486725,0.4375,0.358974358974359,0.39436619718309857,0.557865557865558,0.12211831545038002
Zxing,DecisionTreeClassifier(random_state=0)6,0.578125,0.4,0.4,0.4000000000000001,0.5373493975903614,0.0746987951807229
Zxing,DecisionTreeClassifier(random_state=0)7,0.7363636363636363,0.5,0.6551724137931034,0.5671641791044776,0.7103022562792678,0.38972421385944195
Zxing,DecisionTreeClassifier(random_state=0)8,0.6153846153846154,0.43137254901960786,0.5116279069767442,0.46808510638297873,0.5891472868217056,0.17180402971553566
Zxing,DecisionTreeClassifier(random_state=0)9,0.5934959349593496,0.34782608695652173,0.4444444444444444,0.3902439024390244,0.5498084291187739,0.09367408052678985
Zxing,DecisionTreeClassifier(random_state=0)10,0.6666666666666666,0.4864864864864865,0.4090909090909091,0.44444444444444453,0.6001498501498501,0.21048125956695346
Zxing,DecisionTreeClassifier(random_state=0)11,0.6076923076923076,0.358974358974359,0.35,0.3544303797468355,0.5361111111111112,0.07273929674533079
Zxing,DecisionTreeClassifier(random_state=0)12,0.6016949152542372,0.38636363636363635,0.4594594594594595,0.41975308641975306,0.5630630630630631,0.12100581198561673
Zxing,DecisionTreeClassifier(random_state=0)13,0.616,0.43243243243243246,0.37209302325581395,0.4,0.5579977311401021,0.12070908445092865
Zxing,DecisionTreeClassifier(random_state=0)14,0.6147540983606558,0.4117647058823529,0.34146341463414637,0.37333333333333335,0.5472749171936164,0.09961263207938598
Zxing,DecisionTreeClassifier(random_state=0)15,0.6129032258064516,0.36585365853658536,0.40540540540540543,0.3846153846153847,0.5532774153463809,0.10363409450758507
Zxing,DecisionTreeClassifier(random_state=0)16,0.5948275862068966,0.34146341463414637,0.4117647058823529,0.37333333333333335,0.541248206599713,0.07855229739669323
Zxing,DecisionTreeClassifier(random_state=0)17,0.6,0.3888888888888889,0.35,0.36842105263157887,0.5375,0.07715167498104596
Zxing,DecisionTreeClassifier(random_state=0)18,0.6258992805755396,0.36,0.47368421052631576,0.40909090909090906,0.5784262636789994,0.1456679473735589
Zxing,DecisionTreeClassifier(random_state=0)19,0.6412213740458015,0.4146341463414634,0.425,0.41975308641975306,0.5806318681318682,0.16016743710787618
Zxing,DecisionTreeClassifier(random_state=0)20,0.6115702479338843,0.3170731707317073,0.40625,0.3561643835616438,0.5458216292134832,0.08539522615005457
Zxing,DecisionTreeClassifier(random_state=0)21,0.736,0.47058823529411764,0.5161290322580645,0.4923076923076923,0.6623198352779684,0.3150548778629853
Zxing,DecisionTreeClassifier(random_state=0)22,0.6173913043478261,0.3409090909090909,0.5,0.40540540540540543,0.5794117647058824,0.14349257210603125
Zxing,DecisionTreeClassifier(random_state=0)23,0.6495726495726496,0.4444444444444444,0.43243243243243246,0.4383561643835616,0.5912162162162162,0.18380365552345196
Zxing,DecisionTreeClassifier(random_state=0)24,0.6929133858267716,0.5111111111111111,0.575,0.5411764705882353,0.6610632183908046,0.3128259755155115
Zxing,KNeighborsClassifier()0,0.6451612903225806,0.4318181818181818,0.5,0.46341463414634143,0.6046511627906976,0.2016711366489857
Zxing,KNeighborsClassifier()1,0.6557377049180327,0.40625,0.3611111111111111,0.38235294117647056,0.5700904392764858,0.14534262834858253
Zxing,KNeighborsClassifier()2,0.75,0.5517241379310345,0.5,0.5245901639344263,0.6726190476190476,0.3563483225498992
Zxing,KNeighborsClassifier()3,0.628099173553719,0.45714285714285713,0.38095238095238093,0.4155844155844156,0.5702230259192285,0.14745668901451447
Zxing,KNeighborsClassifier()4,0.6535433070866141,0.41935483870967744,0.3333333333333333,0.3714285714285714,0.5643939393939393,0.1383031801217958
Zxing,KNeighborsClassifier()5,0.6548672566371682,0.5,0.28205128205128205,0.36065573770491804,0.5667013167013166,0.1601697617449358
Zxing,KNeighborsClassifier()6,0.5859375,0.3888888888888889,0.3111111111111111,0.34567901234567905,0.5230254350736279,0.04890327899081138
Zxing,KNeighborsClassifier()7,0.7363636363636363,0.5,0.3793103448275862,0.4313725490196078,0.621753937845892,0.2682265995890749
Zxing,KNeighborsClassifier()8,0.6076923076923076,0.40476190476190477,0.3953488372093023,0.4,0.553996257685111,0.10864794834730367
Zxing,KNeighborsClassifier()9,0.5853658536585366,0.3076923076923077,0.3333333333333333,0.32,0.5114942528735632,0.022477586270599193
Zxing,KNeighborsClassifier()10,0.6296296296296297,0.4,0.2727272727272727,0.3243243243243243,0.5374625374625375,0.0844731994270118
Zxing,KNeighborsClassifier()11,0.6307692307692307,0.3333333333333333,0.2,0.25,0.5111111111111111,0.02643505285727147
Zxing,KNeighborsClassifier()12,0.6271186440677966,0.40540540540540543,0.40540540540540543,0.40540540540540543,0.5669002335669002,0.13380046713380048
Zxing,KNeighborsClassifier()13,0.616,0.41935483870967744,0.3023255813953488,0.3513513513513513,0.5414066931366989,0.09109549996500992
Zxing,KNeighborsClassifier()14,0.639344262295082,0.45161290322580644,0.34146341463414637,0.3888888888888889,0.5657934357121349,0.14277279319205644
Zxing,KNeighborsClassifier()15,0.717741935483871,0.5333333333333333,0.43243243243243246,0.47761194029850745,0.6357564461012737,0.2900857465462585
Zxing,KNeighborsClassifier()16,0.5948275862068966,0.3617021276595745,0.5,0.4197530864197531,0.5670731707317073,0.12438034100404112
Zxing,KNeighborsClassifier()17,0.6333333333333333,0.4230769230769231,0.275,0.33333333333333337,0.54375,0.10012267434585904
Zxing,KNeighborsClassifier()18,0.6690647482014388,0.40476190476190477,0.4473684210526316,0.42500000000000004,0.5999218342886921,0.19396901768836206
Zxing,KNeighborsClassifier()19,0.5267175572519084,0.225,0.225,0.225,0.44217032967032965,-0.11565934065934066
Zxing,KNeighborsClassifier()20,0.6363636363636364,0.3695652173913043,0.53125,0.4358974358974359,0.6027036516853932,0.18662779549099598
Zxing,KNeighborsClassifier()21,0.664,0.358974358974359,0.45161290322580644,0.4,0.5928277282086479,0.1730497444361612
Zxing,KNeighborsClassifier()22,0.5391304347826087,0.21951219512195122,0.3,0.2535211267605634,0.46176470588235297,-0.07010624930622944
Zxing,KNeighborsClassifier()23,0.5641025641025641,0.3409090909090909,0.40540540540540543,0.37037037037037035,0.5214527027027027,0.04118794243790918
Zxing,KNeighborsClassifier()24,0.6299212598425197,0.4,0.35,0.3733333333333333,0.5543103448275861,0.11292087689077299
Zxing,MLPClassifier(random_state=0)0,0.6854838709677419,0.48717948717948717,0.5,0.49350649350649345,0.6337209302325582,0.2655391998946621
Zxing,MLPClassifier(random_state=0)1,0.6885245901639344,0.4,0.1111111111111111,0.1739130434782609,0.5206718346253231,0.06873856829686227
Zxing,MLPClassifier(random_state=0)2,0.7155172413793104,0.47368421052631576,0.28125,0.35294117647058826,0.5811011904761905,0.19588861221818155
Zxing,MLPClassifier(random_state=0)3,0.6198347107438017,0.4411764705882353,0.35714285714285715,0.3947368421052631,0.5583182640144666,0.12353035495811325
Zxing,MLPClassifier(random_state=0)4,0.6850393700787402,0.48484848484848486,0.41025641025641024,0.4444444444444444,0.608537296037296,0.2283293479457339
Zxing,MLPClassifier(random_state=0)5,0.6283185840707964,0.4,0.15384615384615385,0.2222222222222222,0.516112266112266,0.04515190910512813
Zxing,MLPClassifier(random_state=0)6,0.609375,0.35294117647058826,0.13333333333333333,0.19354838709677416,0.5004016064257029,0.0011300300736080174
Zxing,MLPClassifier(random_state=0)7,0.7454545454545455,0.5151515151515151,0.5862068965517241,0.5483870967741935,0.6943380161770967,0.3737033031848219
Zxing,MLPClassifier(random_state=0)8,0.5846153846153846,0.34285714285714286,0.27906976744186046,0.3076923076923077,0.5073509756749532,0.015594555867520541
Zxing,MLPClassifier(random_state=0)9,0.6504065040650406,0.40540540540540543,0.4166666666666667,0.4109589041095891,0.5818965517241379,0.16250113577804068
Zxing,MLPClassifier(random_state=0)10,0.6814814814814815,0.5161290322580645,0.36363636363636365,0.4266666666666667,0.5994005994005994,0.22154834838418455
Zxing,MLPClassifier(random_state=0)11,0.6692307692307692,0.4,0.15,0.21818181818181814,0.5249999999999999,0.07223151185146151
Zxing,MLPClassifier(random_state=0)12,0.6610169491525424,0.45161290322580644,0.3783783783783784,0.411764705882353,0.584250917584251,0.17762640797004303
Zxing,MLPClassifier(random_state=0)13,0.656,0.5,0.3023255813953488,0.37681159420289856,0.5718944980147477,0.16829163667724736
Zxing,MLPClassifier(random_state=0)14,0.6475409836065574,0.45454545454545453,0.24390243902439024,0.31746031746031744,0.547877145438121,0.11764713128412475
Zxing,MLPClassifier(random_state=0)15,0.717741935483871,0.5714285714285714,0.21621621621621623,0.3137254901960784,0.5736253494874185,0.2128910936051831
Zxing,MLPClassifier(random_state=0)16,0.6379310344827587,0.375,0.35294117647058826,0.3636363636363636,0.554519368723099,0.11104846677501637
Zxing,MLPClassifier(random_state=0)17,0.675,0.5217391304347826,0.3,0.38095238095238093,0.58125,0.1946160121901762
Zxing,MLPClassifier(random_state=0)18,0.6618705035971223,0.4,0.47368421052631576,0.43373493975903615,0.6031787389265242,0.19656333531334613
Zxing,MLPClassifier(random_state=0)19,0.7099236641221374,0.5333333333333333,0.4,0.4571428571428572,0.6230769230769231,0.2697963087879313
Zxing,MLPClassifier(random_state=0)20,0.7107438016528925,0.4117647058823529,0.21875,0.2857142857142857,0.5531952247191011,0.135030384924335
Zxing,MLPClassifier(random_state=0)21,0.68,0.37142857142857144,0.41935483870967744,0.393939393939394,0.5926561427590941,0.17823529497421808
Zxing,MLPClassifier(random_state=0)22,0.6434782608695652,0.37209302325581395,0.5333333333333333,0.4383561643835616,0.6078431372549019,0.19574565163953345
Zxing,MLPClassifier(random_state=0)23,0.7008547008547008,0.5625,0.24324324324324326,0.339622641509434,0.5778716216216216,0.2107824225660934
Zxing,MLPClassifier(random_state=0)24,0.6850393700787402,0.5,0.225,0.3103448275862069,0.5607758620689656,0.1618829999189691
Apache,RandomForestClassifier(random_state=0)0,0.6617647058823529,0.71875,0.6216216216216216,0.6666666666666667,0.6656495204882302,0.3305792942193155
Apache,RandomForestClassifier(random_state=0)1,0.6756756756756757,0.7297297297297297,0.6585365853658537,0.6923076923076923,0.6777531411677755,0.35342271108757395
Apache,RandomForestClassifier(random_state=0)2,0.6623376623376623,0.6111111111111112,0.6470588235294118,0.6285714285714287,0.6607387140902872,0.31994917368722314
Apache,RandomForestClassifier(random_state=0)3,0.782051282051282,0.7567567567567568,0.7777777777777778,0.7671232876712328,0.7817460317460317,0.5625626680656527
Apache,RandomForestClassifier(random_state=0)4,0.676056338028169,0.6190476190476191,0.7878787878787878,0.6933333333333334,0.6834130781499204,0.3722077565523139
Apache,RandomForestClassifier(random_state=0)5,0.7142857142857143,0.6578947368421053,0.78125,0.7142857142857143,0.7195723684210527,0.43914473684210525
Apache,RandomForestClassifier(random_state=0)6,0.7611940298507462,0.8055555555555556,0.7631578947368421,0.7837837837837838,0.7608892921960073,0.5184954505883652
Apache,RandomForestClassifier(random_state=0)7,0.625,0.7272727272727273,0.5714285714285714,0.64,0.6357142857142857,0.26856632724128343
Apache,RandomForestClassifier(random_state=0)8,0.7083333333333334,0.7222222222222222,0.7027027027027027,0.7123287671232876,0.7084942084942085,0.4168275107825463
Apache,RandomForestClassifier(random_state=0)9,0.7333333333333333,0.8235294117647058,0.6666666666666666,0.7368421052631577,0.7424242424242422,0.48345523919565275
Apache,RandomForestClassifier(random_state=0)10,0.7205882352941176,0.6470588235294118,0.7586206896551724,0.6984126984126984,0.7254641909814323,0.4460257750875394
Apache,RandomForestClassifier(random_state=0)11,0.7831325301204819,0.8378378378378378,0.7209302325581395,0.7749999999999999,0.7854651162790697,0.573941312388174
Apache,RandomForestClassifier(random_state=0)12,0.746268656716418,0.6944444444444444,0.8064516129032258,0.746268656716418,0.7504480286738351,0.5008960573476703
Apache,RandomForestClassifier(random_state=0)13,0.6712328767123288,0.675,0.7105263157894737,0.6923076923076923,0.669548872180451,0.3403797819935475
Apache,RandomForestClassifier(random_state=0)14,0.75,0.7435897435897436,0.7837837837837838,0.7631578947368421,0.7490347490347491,0.49961510146837
Apache,RandomForestClassifier(random_state=0)15,0.7971014492753623,0.8108108108108109,0.8108108108108109,0.8108108108108109,0.7960304054054055,0.5920608108108109
Apache,RandomForestClassifier(random_state=0)16,0.7162162162162162,0.6944444444444444,0.7142857142857143,0.7042253521126761,0.7161172161172161,0.43176023084949905
Apache,RandomForestClassifier(random_state=0)17,0.6891891891891891,0.7105263157894737,0.6923076923076923,0.7012987012987013,0.689010989010989,0.3776072527429517
Apache,RandomForestClassifier(random_state=0)18,0.6623376623376623,0.6136363636363636,0.75,0.6749999999999999,0.6676829268292683,0.3381261130002871
Apache,RandomForestClassifier(random_state=0)19,0.6571428571428571,0.6666666666666666,0.7027027027027027,0.6842105263157895,0.6543816543816543,0.3102918493368827
Apache,RandomForestClassifier(random_state=0)20,0.765625,0.7142857142857143,0.8333333333333334,0.7692307692307692,0.7696078431372549,0.5405421721320017
Apache,RandomForestClassifier(random_state=0)21,0.7794117647058824,0.8518518518518519,0.6764705882352942,0.7540983606557378,0.7794117647058822,0.5710574352893738
Apache,RandomForestClassifier(random_state=0)22,0.6323529411764706,0.6571428571428571,0.6388888888888888,0.647887323943662,0.6319444444444444,0.26354595321588503
Apache,RandomForestClassifier(random_state=0)23,0.6883116883116883,0.775,0.6739130434782609,0.7209302325581396,0.6917952314165497,0.3765275044417769
Apache,RandomForestClassifier(random_state=0)24,0.7611940298507462,0.7575757575757576,0.7575757575757576,0.7575757575757576,0.7611408199643493,0.5222816399286988
Apache,LogisticRegression(random_state=0)0,0.4411764705882353,0.4,0.05405405405405406,0.09523809523809523,0.4786399302528334,-0.08151904705313849
Apache,LogisticRegression(random_state=0)1,0.6216216216216216,0.6274509803921569,0.7804878048780488,0.6956521739130435,0.6023651145602364,0.2198780439045237
Apache,LogisticRegression(random_state=0)2,0.44155844155844154,0.44155844155844154,1.0,0.6126126126126126,0.5,0.0
Apache,LogisticRegression(random_state=0)3,0.6666666666666666,0.5961538461538461,0.8611111111111112,0.7045454545454546,0.6805555555555556,0.3818813079129867
Apache,LogisticRegression(random_state=0)4,0.6619718309859155,0.6451612903225806,0.6060606060606061,0.625,0.6582934609250399,0.3183690898921808
Apache,LogisticRegression(random_state=0)5,0.7571428571428571,0.7419354838709677,0.71875,0.7301587301587302,0.7541118421052632,0.5096928451483845
Apache,LogisticRegression(random_state=0)6,0.5671641791044776,0.5671641791044776,1.0,0.7238095238095238,0.5,0.0
Apache,LogisticRegression(random_state=0)7,0.4166666666666667,0.5,0.07142857142857142,0.125,0.4857142857142857,-0.050964719143762556
Apache,LogisticRegression(random_state=0)8,0.5694444444444444,0.59375,0.5135135135135135,0.5507246376811593,0.5710424710424711,0.142915046180276
Apache,LogisticRegression(random_state=0)9,0.56,0.56,1.0,0.717948717948718,0.5,0.0
Apache,LogisticRegression(random_state=0)10,0.4264705882352941,0.4264705882352941,1.0,0.5979381443298969,0.5,0.0
Apache,LogisticRegression(random_state=0)11,0.4578313253012048,0.3333333333333333,0.046511627906976744,0.08163265306122448,0.4732558139534884,-0.10320544626974021
Apache,LogisticRegression(random_state=0)12,0.582089552238806,0.5283018867924528,0.9032258064516129,0.6666666666666666,0.6043906810035842,0.25604828487657333
Apache,LogisticRegression(random_state=0)13,0.6301369863013698,0.6222222222222222,0.7368421052631579,0.6746987951807228,0.6255639097744361,0.25800930789368903
Apache,LogisticRegression(random_state=0)14,0.5138888888888888,0.5138888888888888,1.0,0.6788990825688073,0.5,0.0
Apache,LogisticRegression(random_state=0)15,0.5362318840579711,0.5362318840579711,1.0,0.6981132075471698,0.5,0.0
Apache,LogisticRegression(random_state=0)16,0.47297297297297297,0.47297297297297297,1.0,0.6422018348623852,0.5,0.0
Apache,LogisticRegression(random_state=0)17,0.6756756756756757,0.6744186046511628,0.7435897435897436,0.7073170731707318,0.6717948717948719,0.347689393404895
Apache,LogisticRegression(random_state=0)18,0.4675324675324675,0.4675324675324675,1.0,0.6371681415929203,0.5,0.0
Apache,LogisticRegression(random_state=0)19,0.5285714285714286,0.5285714285714286,1.0,0.691588785046729,0.5,0.0
Apache,LogisticRegression(random_state=0)20,0.46875,0.3,0.1,0.15,0.44705882352941184,-0.1455213750217998
Apache,LogisticRegression(random_state=0)21,0.7058823529411765,0.8181818181818182,0.5294117647058824,0.6428571428571428,0.7058823529411764,0.44008622942335207
Apache,LogisticRegression(random_state=0)22,0.6176470588235294,0.7272727272727273,0.4444444444444444,0.5517241379310345,0.6284722222222222,0.27414177175920534
Apache,LogisticRegression(random_state=0)23,0.38961038961038963,0.3333333333333333,0.021739130434782608,0.04081632653061224,0.47861150070126235,-0.10841605118783
Apache,LogisticRegression(random_state=0)24,0.4925373134328358,0.4925373134328358,1.0,0.66,0.5,0.0
Apache,GaussianNB()0,0.45588235294117646,0.0,0.0,0.0,0.5,0.0
Apache,GaussianNB()1,0.44594594594594594,0.5,0.024390243902439025,0.046511627906976744,0.4970436067997044,-0.01812424159423456
Apache,GaussianNB()2,0.5584415584415584,0.0,0.0,0.0,0.5,0.0
Apache,GaussianNB()3,0.5384615384615384,0.5,0.027777777777777776,0.05263157894736842,0.5019841269841269,0.012515654358043972
Apache,GaussianNB()4,0.5352112676056338,0.5,0.030303030303030304,0.05714285714285715,0.5019936204146731,0.012019369677319848
Apache,GaussianNB()5,0.6857142857142857,0.75,0.46875,0.5769230769230769,0.6685855263157895,0.37180657818138096
Apache,GaussianNB()6,0.43283582089552236,0.0,0.0,0.0,0.5,0.0
Apache,GaussianNB()7,0.5694444444444444,0.5774647887323944,0.9761904761904762,0.7256637168141593,0.4880952380952381,-0.10030135678562992
Apache,GaussianNB()8,0.4722222222222222,0.0,0.0,0.0,0.4857142857142857,-0.12202186695874057
Apache,GaussianNB()9,0.4533333333333333,1.0,0.023809523809523808,0.046511627906976744,0.5119047619047619,0.1030425184948457
Apache,GaussianNB()10,0.6029411764705882,1.0,0.06896551724137931,0.12903225806451613,0.5344827586206896,0.2018721156999616
Apache,GaussianNB()11,0.5060240963855421,0.5121951219512195,0.9767441860465116,0.672,0.4883720930232558,-0.1065096215818389
Apache,GaussianNB()12,0.5223880597014925,0.0,0.0,0.0,0.4861111111111111,-0.11422406947372364
Apache,GaussianNB()13,0.4794520547945205,0.5,0.02631578947368421,0.05,0.49887218045112786,-0.006903212812556502
Apache,GaussianNB()14,0.4861111111111111,0.0,0.0,0.0,0.5,0.0
Apache,GaussianNB()15,0.463768115942029,0.0,0.0,0.0,0.5,0.0
Apache,GaussianNB()16,0.5405405405405406,1.0,0.02857142857142857,0.05555555555555556,0.5142857142857142,0.1235483219915495
Apache,GaussianNB()17,0.47297297297297297,0.5,0.02564102564102564,0.048780487804878044,0.4985347985347985,-0.00902219936601278
Apache,GaussianNB()18,0.5454545454545454,1.0,0.027777777777777776,0.05405405405405406,0.5138888888888888,0.12241478716625319
Apache,GaussianNB()19,0.4857142857142857,1.0,0.02702702702702703,0.052631578947368425,0.5135135135135135,0.11369243355522204
Apache,GaussianNB()20,0.453125,0.4603174603174603,0.9666666666666667,0.6236559139784946,0.48333333333333334,-0.1341246360271594
Apache,GaussianNB()21,0.47058823529411764,0.48484848484848486,0.9411764705882353,0.64,0.47058823529411764,-0.17407765595569785
Apache,GaussianNB()22,0.5,0.5151515151515151,0.9444444444444444,0.6666666666666666,0.4722222222222222,-0.16412198797244362
Apache,GaussianNB()23,0.5714285714285714,0.5866666666666667,0.9565217391304348,0.7272727272727273,0.4782608695652174,-0.13405601251996727
Apache,GaussianNB()24,0.5074626865671642,0.0,0.0,0.0,0.5,0.0
Apache,DecisionTreeClassifier(random_state=0)0,0.6911764705882353,0.7222222222222222,0.7027027027027027,0.7123287671232876,0.6900610287707063,0.37929624284110935
Apache,DecisionTreeClassifier(random_state=0)1,0.7162162162162162,0.7272727272727273,0.7804878048780488,0.7529411764705882,0.7084257206208426,0.42202991856846106
Apache,DecisionTreeClassifier(random_state=0)2,0.5714285714285714,0.5151515151515151,0.5,0.5074626865671642,0.563953488372093,0.12834667201394145
Apache,DecisionTreeClassifier(random_state=0)3,0.6153846153846154,0.5681818181818182,0.6944444444444444,0.625,0.621031746031746,0.24335450651069296
Apache,DecisionTreeClassifier(random_state=0)4,0.6619718309859155,0.6216216216216216,0.696969696969697,0.6571428571428571,0.664274322169059,0.32802589357846856
Apache,DecisionTreeClassifier(random_state=0)5,0.7,0.6341463414634146,0.8125,0.7123287671232876,0.7088815789473685,0.4224798472961078
Apache,DecisionTreeClassifier(random_state=0)6,0.5671641791044776,0.6363636363636364,0.5526315789473685,0.5915492957746479,0.5694192377495464,0.137595491881965
Apache,DecisionTreeClassifier(random_state=0)7,0.6388888888888888,0.7857142857142857,0.5238095238095238,0.6285714285714286,0.661904761904762,0.32746850462500326
Apache,DecisionTreeClassifier(random_state=0)8,0.625,0.6388888888888888,0.6216216216216216,0.6301369863013699,0.625096525096525,0.2500965064695278
Apache,DecisionTreeClassifier(random_state=0)9,0.64,0.6923076923076923,0.6428571428571429,0.6666666666666666,0.6396103896103896,0.2774251285747237
Apache,DecisionTreeClassifier(random_state=0)10,0.6911764705882353,0.6176470588235294,0.7241379310344828,0.6666666666666667,0.6954022988505748,0.38655567174253413
Apache,DecisionTreeClassifier(random_state=0)11,0.7469879518072289,0.7391304347826086,0.7906976744186046,0.7640449438202247,0.7453488372093023,0.4932856086106099
Apache,DecisionTreeClassifier(random_state=0)12,0.5970149253731343,0.5588235294117647,0.6129032258064516,0.5846153846153845,0.5981182795698924,0.1957111591095702
Apache,DecisionTreeClassifier(random_state=0)13,0.6438356164383562,0.6666666666666666,0.631578947368421,0.6486486486486486,0.644360902255639,0.28850496497298306
Apache,DecisionTreeClassifier(random_state=0)14,0.625,0.6041666666666666,0.7837837837837838,0.6823529411764706,0.6204633204633204,0.2554426848648543
Apache,DecisionTreeClassifier(random_state=0)15,0.6811594202898551,0.7027027027027027,0.7027027027027027,0.7027027027027027,0.6794763513513513,0.3589527027027027
Apache,DecisionTreeClassifier(random_state=0)16,0.6621621621621622,0.65625,0.6,0.626865671641791,0.6589743589743591,0.3204230643554552
Apache,DecisionTreeClassifier(random_state=0)17,0.6351351351351351,0.6428571428571429,0.6923076923076923,0.6666666666666666,0.6318681318681318,0.2657887169768753
Apache,DecisionTreeClassifier(random_state=0)18,0.5974025974025974,0.5531914893617021,0.7222222222222222,0.6265060240963856,0.6050135501355014,0.21488641413911672
Apache,DecisionTreeClassifier(random_state=0)19,0.7142857142857143,0.7428571428571429,0.7027027027027027,0.7222222222222223,0.714987714987715,0.42927285527410686
Apache,DecisionTreeClassifier(random_state=0)20,0.765625,0.7586206896551724,0.7333333333333333,0.7457627118644068,0.7637254901960785,0.5287485247400309
Apache,DecisionTreeClassifier(random_state=0)21,0.6764705882352942,0.75,0.5294117647058824,0.6206896551724139,0.676470588235294,0.36927447293799825
Apache,DecisionTreeClassifier(random_state=0)22,0.6176470588235294,0.6666666666666666,0.5555555555555556,0.606060606060606,0.6215277777777778,0.24433144650348906
Apache,DecisionTreeClassifier(random_state=0)23,0.7012987012987013,0.7948717948717948,0.6739130434782609,0.7294117647058824,0.7079242636746144,0.4079160830966528
Apache,DecisionTreeClassifier(random_state=0)24,0.7313432835820896,0.7142857142857143,0.7575757575757576,0.7352941176470589,0.731729055258467,0.4638717278330963
Apache,KNeighborsClassifier()0,0.6470588235294118,0.7241379310344828,0.5675675675675675,0.6363636363636365,0.6547515257192676,0.31168459774422835
Apache,KNeighborsClassifier()1,0.6486486486486487,0.7142857142857143,0.6097560975609756,0.6578947368421052,0.6533628972653364,0.3053745730066531
Apache,KNeighborsClassifier()2,0.6103896103896104,0.5526315789473685,0.6176470588235294,0.5833333333333334,0.6111491108071135,0.22079313848740859
Apache,KNeighborsClassifier()3,0.6923076923076923,0.6304347826086957,0.8055555555555556,0.7073170731707318,0.7003968253968254,0.40620271663041546
Apache,KNeighborsClassifier()4,0.5774647887323944,0.5384615384615384,0.6363636363636364,0.5833333333333334,0.5813397129186603,0.16307001325629483
Apache,KNeighborsClassifier()5,0.6428571428571429,0.5813953488372093,0.78125,0.6666666666666666,0.6537828947368421,0.31476664484822353
Apache,KNeighborsClassifier()6,0.6119402985074627,0.65,0.6842105263157895,0.6666666666666667,0.6007259528130671,0.20349338657240285
Apache,KNeighborsClassifier()7,0.6111111111111112,0.75,0.5,0.6,0.6333333333333333,0.2696799449852968
Apache,KNeighborsClassifier()8,0.6666666666666666,0.6511627906976745,0.7567567567567568,0.7000000000000001,0.6640926640926641,0.33444200554833425
Apache,KNeighborsClassifier()9,0.6933333333333334,0.7317073170731707,0.7142857142857143,0.7228915662650603,0.6904761904761906,0.37985768793944147
Apache,KNeighborsClassifier()10,0.7205882352941176,0.625,0.8620689655172413,0.7246376811594203,0.7387267904509285,0.4797924901966573
Apache,KNeighborsClassifier()11,0.6867469879518072,0.7428571428571429,0.6046511627906976,0.6666666666666666,0.6898255813953489,0.3841442323547033
Apache,KNeighborsClassifier()12,0.6417910447761194,0.5853658536585366,0.7741935483870968,0.6666666666666666,0.6509856630824372,0.3089720548721154
Apache,KNeighborsClassifier()13,0.684931506849315,0.6595744680851063,0.8157894736842105,0.7294117647058823,0.6793233082706768,0.37415965426852876
Apache,KNeighborsClassifier()14,0.7638888888888888,0.75,0.8108108108108109,0.7792207792207791,0.7625482625482626,0.52816430110102
Apache,KNeighborsClassifier()15,0.6666666666666666,0.6842105263157895,0.7027027027027027,0.6933333333333334,0.6638513513513513,0.32853619968961245
Apache,KNeighborsClassifier()16,0.6621621621621622,0.6666666666666666,0.5714285714285714,0.6153846153846153,0.6575091575091575,0.32034294532516655
Apache,KNeighborsClassifier()17,0.6351351351351351,0.65,0.6666666666666666,0.6582278481012659,0.6333333333333333,0.26715641302354665
Apache,KNeighborsClassifier()18,0.6753246753246753,0.6341463414634146,0.7222222222222222,0.6753246753246753,0.6781842818428184,0.35636856368563685
Apache,KNeighborsClassifier()19,0.7571428571428571,0.7777777777777778,0.7567567567567568,0.7671232876712328,0.7571662571662572,0.5137018181856134
Apache,KNeighborsClassifier()20,0.609375,0.5714285714285714,0.6666666666666666,0.6153846153846153,0.6127450980392156,0.22604490834610982
Apache,KNeighborsClassifier()21,0.6617647058823529,0.6774193548387096,0.6176470588235294,0.6461538461538462,0.6617647058823529,0.3247962274466209
Apache,KNeighborsClassifier()22,0.6029411764705882,0.6216216216216216,0.6388888888888888,0.6301369863013699,0.6006944444444444,0.20182735857600312
Apache,KNeighborsClassifier()23,0.7532467532467533,0.8,0.782608695652174,0.7912087912087912,0.7461430575035063,0.4898872125968575
Apache,KNeighborsClassifier()24,0.7164179104477612,0.7058823529411765,0.7272727272727273,0.7164179104477613,0.7165775401069518,0.43315508021390375
Apache,MLPClassifier(random_state=0)0,0.5294117647058824,0.6923076923076923,0.24324324324324326,0.36000000000000004,0.5571054925893635,0.1446560379398872
Apache,MLPClassifier(random_state=0)1,0.6756756756756757,0.7575757575757576,0.6097560975609756,0.6756756756756757,0.6836659275683665,0.36733185513673317
Apache,MLPClassifier(random_state=0)2,0.7142857142857143,0.7,0.6176470588235294,0.65625,0.7041723666210671,0.4158063223327446
Apache,MLPClassifier(random_state=0)3,0.6410256410256411,0.5869565217391305,0.75,0.6585365853658538,0.648809523809524,0.3016356806661501
Apache,MLPClassifier(random_state=0)4,0.5915492957746479,0.5625,0.5454545454545454,0.5538461538461538,0.5885167464114832,0.1774585438377326
Apache,MLPClassifier(random_state=0)5,0.7142857142857143,0.75,0.5625,0.6428571428571429,0.7023026315789473,0.4246330358120701
Apache,MLPClassifier(random_state=0)6,0.7014925373134329,0.8214285714285714,0.6052631578947368,0.6969696969696969,0.7164246823956442,0.4348267591174057
Apache,MLPClassifier(random_state=0)7,0.625,0.7419354838709677,0.5476190476190477,0.6301369863013699,0.6404761904761905,0.279733973401541
Apache,MLPClassifier(random_state=0)8,0.625,0.625,0.6756756756756757,0.6493506493506493,0.6235521235521235,0.24854790640048
Apache,MLPClassifier(random_state=0)9,0.72,0.7441860465116279,0.7619047619047619,0.7529411764705882,0.7142857142857143,0.4301259183632632
Apache,MLPClassifier(random_state=0)10,0.7352941176470589,0.6896551724137931,0.6896551724137931,0.6896551724137931,0.7294429708222812,0.4588859416445623
Apache,MLPClassifier(random_state=0)11,0.6626506024096386,0.6923076923076923,0.627906976744186,0.6585365853658537,0.663953488372093,0.3282889302536869
Apache,MLPClassifier(random_state=0)12,0.7313432835820896,0.696969696969697,0.7419354838709677,0.71875,0.7320788530465949,0.46291497908108387
Apache,MLPClassifier(random_state=0)13,0.6575342465753424,0.7407407407407407,0.5263157894736842,0.6153846153846153,0.6631578947368422,0.33767826762286873
Apache,MLPClassifier(random_state=0)14,0.6944444444444444,0.7027027027027027,0.7027027027027027,0.7027027027027027,0.6942084942084943,0.3884169884169884
Apache,MLPClassifier(random_state=0)15,0.6231884057971014,0.6896551724137931,0.5405405405405406,0.6060606060606061,0.6296452702702703,0.26195912412439915
Apache,MLPClassifier(random_state=0)16,0.6891891891891891,0.6428571428571429,0.7714285714285715,0.7012987012987013,0.6934065934065935,0.3898234515660837
Apache,MLPClassifier(random_state=0)17,0.6081081081081081,0.6388888888888888,0.5897435897435898,0.6133333333333332,0.6091575091575092,0.218075506429069
Apache,MLPClassifier(random_state=0)18,0.7402597402597403,0.7222222222222222,0.7222222222222222,0.7222222222222222,0.739159891598916,0.47831978319783197
Apache,MLPClassifier(random_state=0)19,0.6857142857142857,0.6595744680851063,0.8378378378378378,0.7380952380952381,0.6764946764946764,0.37515141702645555
Apache,MLPClassifier(random_state=0)20,0.71875,0.6666666666666666,0.8,0.7272727272727272,0.7235294117647059,0.44971201491459334
Apache,MLPClassifier(random_state=0)21,0.6470588235294118,0.6785714285714286,0.5588235294117647,0.6129032258064516,0.6470588235294119,0.2988071523335984
Apache,MLPClassifier(random_state=0)22,0.6176470588235294,0.8571428571428571,0.3333333333333333,0.48,0.6354166666666666,0.33432392491786583
Apache,MLPClassifier(random_state=0)23,0.6233766233766234,0.84,0.45652173913043476,0.5915492957746479,0.6637447405329594,0.3429931459931749
Apache,MLPClassifier(random_state=0)24,0.6716417910447762,0.8235294117647058,0.42424242424242425,0.5599999999999999,0.6680035650623886,0.3860428017370475
Safe,RandomForestClassifier(random_state=0)0,0.7368421052631579,0.5,0.8,0.6153846153846154,0.7571428571428572,0.458682472293863
Safe,RandomForestClassifier(random_state=0)1,0.7368421052631579,0.6,0.5,0.5454545454545454,0.673076923076923,0.36539907432351754
Safe,RandomForestClassifier(random_state=0)2,0.7727272727272727,0.5,0.8,0.6153846153846154,0.7823529411764706,0.49195203701447265
Safe,RandomForestClassifier(random_state=0)3,0.6666666666666666,0.625,0.625,0.625,0.6625,0.325
Safe,RandomForestClassifier(random_state=0)4,0.625,0.375,0.42857142857142855,0.39999999999999997,0.5672268907563025,0.12964074471043288
Safe,RandomForestClassifier(random_state=0)5,0.7619047619047619,0.6,0.8571428571428571,0.7058823529411764,0.7857142857142858,0.5393598899705937
Safe,RandomForestClassifier(random_state=0)6,0.75,0.42857142857142855,0.75,0.5454545454545454,0.75,0.4193139346887673
Safe,RandomForestClassifier(random_state=0)7,0.7083333333333334,0.5,0.42857142857142855,0.4615384615384615,0.6260504201680672,0.26462806201248157
Safe,RandomForestClassifier(random_state=0)8,0.7894736842105263,0.7142857142857143,0.7142857142857143,0.7142857142857143,0.773809523809524,0.5476190476190477
Safe,RandomForestClassifier(random_state=0)9,0.75,0.5555555555555556,0.7142857142857143,0.6250000000000001,0.7394957983193278,0.44971201491459334
Safe,RandomForestClassifier(random_state=0)10,0.72,0.75,0.5454545454545454,0.631578947368421,0.7012987012987013,0.42841224443765613
Safe,RandomForestClassifier(random_state=0)11,0.8181818181818182,0.6666666666666666,0.8571428571428571,0.75,0.8285714285714286,0.6225317562548818
Safe,RandomForestClassifier(random_state=0)12,0.7619047619047619,0.6666666666666666,0.75,0.7058823529411765,0.7596153846153846,0.5095246653650681
Safe,RandomForestClassifier(random_state=0)13,0.8095238095238095,0.7142857142857143,0.7142857142857143,0.7142857142857143,0.7857142857142858,0.5714285714285714
Safe,RandomForestClassifier(random_state=0)14,0.7777777777777778,0.6666666666666666,0.6666666666666666,0.6666666666666666,0.75,0.5
Safe,RandomForestClassifier(random_state=0)15,0.7222222222222222,0.5,0.8,0.6153846153846154,0.7461538461538462,0.4437601569801833
Safe,RandomForestClassifier(random_state=0)16,0.76,0.6363636363636364,0.7777777777777778,0.7000000000000001,0.7638888888888888,0.5103545438827408
Safe,RandomForestClassifier(random_state=0)17,0.7368421052631579,0.5,1.0,0.6666666666666666,0.8214285714285714,0.5669467095138409
Safe,RandomForestClassifier(random_state=0)18,0.7619047619047619,1.0,0.375,0.5454545454545454,0.6875,0.5204164998665333
Safe,RandomForestClassifier(random_state=0)19,0.8095238095238095,0.625,0.8333333333333334,0.7142857142857143,0.8166666666666668,0.5891649892987402
Safe,RandomForestClassifier(random_state=0)20,0.7307692307692307,0.7272727272727273,0.6666666666666666,0.6956521739130435,0.726190476190476,0.45647498109908324
Safe,RandomForestClassifier(random_state=0)21,0.75,0.45454545454545453,1.0,0.625,0.8421052631578947,0.5576780295914437
Safe,RandomForestClassifier(random_state=0)22,0.75,0.7777777777777778,0.7,0.7368421052631577,0.75,0.502518907629606
Safe,RandomForestClassifier(random_state=0)23,0.85,0.875,0.7777777777777778,0.823529411764706,0.8434343434343433,0.6975184488828855
Safe,RandomForestClassifier(random_state=0)24,0.68,0.4,0.6666666666666666,0.5,0.6754385964912281,0.305887645160749
Safe,LogisticRegression(random_state=0)0,0.631578947368421,0.4,0.8,0.5333333333333333,0.6857142857142857,0.32756920994133026
Safe,LogisticRegression(random_state=0)1,0.5789473684210527,0.3333333333333333,0.3333333333333333,0.3333333333333333,0.5128205128205128,0.02564102564102564
Safe,LogisticRegression(random_state=0)2,0.8636363636363636,0.6666666666666666,0.8,0.7272727272727272,0.8411764705882352,0.6420707920165691
Safe,LogisticRegression(random_state=0)3,0.7777777777777778,0.75,0.75,0.75,0.7750000000000001,0.55
Safe,LogisticRegression(random_state=0)4,0.5833333333333334,0.38461538461538464,0.7142857142857143,0.5,0.6218487394957983,0.22230872018035164
Safe,LogisticRegression(random_state=0)5,0.6666666666666666,0.5,0.7142857142857143,0.588235294117647,0.6785714285714285,0.337099931231621
Safe,LogisticRegression(random_state=0)6,0.8,0.5,0.5,0.5,0.6875,0.375
Safe,LogisticRegression(random_state=0)7,0.7083333333333334,0.5,0.7142857142857143,0.588235294117647,0.7100840336134453,0.38737581753331457
Safe,LogisticRegression(random_state=0)8,0.6842105263157895,0.5714285714285714,0.5714285714285714,0.5714285714285714,0.6607142857142857,0.32142857142857145
Safe,LogisticRegression(random_state=0)9,0.8333333333333334,0.6666666666666666,0.8571428571428571,0.75,0.8403361344537814,0.6390644422470537
Safe,LogisticRegression(random_state=0)10,0.8,0.875,0.6363636363636364,0.7368421052631579,0.7824675324675324,0.6011591171947755
Safe,LogisticRegression(random_state=0)11,0.8636363636363636,0.7,1.0,0.8235294117647058,0.9,0.7483314773547882
Safe,LogisticRegression(random_state=0)12,0.7619047619047619,0.7142857142857143,0.625,0.6666666666666666,0.7355769230769231,0.4853626716970755
Safe,LogisticRegression(random_state=0)13,0.8571428571428571,0.75,0.8571428571428571,0.7999999999999999,0.8571428571428572,0.6933752452815364
Safe,LogisticRegression(random_state=0)14,0.6111111111111112,0.4,0.3333333333333333,0.3636363636363636,0.5416666666666666,0.08770580193070292
Safe,LogisticRegression(random_state=0)15,0.7222222222222222,0.5,0.6,0.5454545454545454,0.6846153846153846,0.35082320772281167
Safe,LogisticRegression(random_state=0)16,0.72,0.5714285714285714,0.8888888888888888,0.6956521739130435,0.7569444444444444,0.4969241611489845
Safe,LogisticRegression(random_state=0)17,0.7894736842105263,0.5714285714285714,0.8,0.6666666666666666,0.7928571428571429,0.5346815442312336
Safe,LogisticRegression(random_state=0)18,0.7619047619047619,0.6666666666666666,0.75,0.7058823529411765,0.7596153846153846,0.5095246653650681
Safe,LogisticRegression(random_state=0)19,0.6666666666666666,0.4444444444444444,0.6666666666666666,0.5333333333333333,0.6666666666666667,0.3042903097250923
Safe,LogisticRegression(random_state=0)20,0.7692307692307693,1.0,0.5,0.6666666666666666,0.75,0.5916079783099616
Safe,LogisticRegression(random_state=0)21,0.6666666666666666,0.3333333333333333,0.6,0.42857142857142855,0.6421052631578947,0.23841582427170788
Safe,LogisticRegression(random_state=0)22,0.75,0.8571428571428571,0.6,0.7058823529411764,0.7500000000000001,0.5241424183609591
Safe,LogisticRegression(random_state=0)23,0.7,0.7142857142857143,0.5555555555555556,0.6250000000000001,0.6868686868686869,0.38981938376529196
Safe,LogisticRegression(random_state=0)24,0.76,0.5,0.6666666666666666,0.5714285714285715,0.7280701754385964,0.4176201680321031
Safe,GaussianNB()0,0.7368421052631579,0.5,0.8,0.6153846153846154,0.7571428571428572,0.458682472293863
Safe,GaussianNB()1,0.7368421052631579,0.6,0.5,0.5454545454545454,0.673076923076923,0.36539907432351754
Safe,GaussianNB()2,0.8181818181818182,0.6,0.6,0.6,0.7411764705882353,0.4823529411764706
Safe,GaussianNB()3,0.7222222222222222,0.7142857142857143,0.625,0.6666666666666666,0.7125,0.4332001127219817
Safe,GaussianNB()4,0.5,0.2222222222222222,0.2857142857142857,0.25,0.4369747899159664,-0.11834526708278773
Safe,GaussianNB()5,0.7619047619047619,0.625,0.7142857142857143,0.6666666666666666,0.7500000000000001,0.4853626716970755
Safe,GaussianNB()6,0.85,0.6,0.75,0.6666666666666665,0.8125,0.5773502691896257
Safe,GaussianNB()7,0.5833333333333334,0.3333333333333333,0.42857142857142855,0.375,0.5378151260504201,0.07100716024967263
Safe,GaussianNB()8,0.631578947368421,0.5,0.5714285714285714,0.5333333333333333,0.6190476190476191,0.2326210525996177
Safe,GaussianNB()9,0.7916666666666666,0.6666666666666666,0.5714285714285714,0.6153846153846153,0.726890756302521,0.4763305116224668
Safe,GaussianNB()10,0.72,0.8333333333333334,0.45454545454545453,0.5882352941176471,0.6915584415584416,0.4452861893041974
Safe,GaussianNB()11,0.6818181818181818,0.5,0.7142857142857143,0.588235294117647,0.6904761904761906,0.3563483225498992
Safe,GaussianNB()12,0.7619047619047619,0.8,0.5,0.6153846153846154,0.7115384615384616,0.4823819106188661
Safe,GaussianNB()13,0.8571428571428571,1.0,0.5714285714285714,0.7272727272727273,0.7857142857142857,0.6859943405700354
Safe,GaussianNB()14,0.6666666666666666,0.5,0.5,0.5,0.625,0.25
Safe,GaussianNB()15,0.8333333333333334,0.75,0.6,0.6666666666666665,0.7615384615384616,0.5635445125120265
Safe,GaussianNB()16,0.8,0.7,0.7777777777777778,0.7368421052631577,0.7951388888888888,0.5783517448238059
Safe,GaussianNB()17,0.6842105263157895,0.4444444444444444,0.8,0.5714285714285714,0.7214285714285714,0.3905632887762015
Safe,GaussianNB()18,0.7619047619047619,0.8,0.5,0.6153846153846154,0.7115384615384616,0.4823819106188661
Safe,GaussianNB()19,0.7142857142857143,0.5,0.8333333333333334,0.625,0.7500000000000002,0.45226701686664544
Safe,GaussianNB()20,0.7307692307692307,0.8571428571428571,0.5,0.631578947368421,0.7142857142857143,0.4816727030991569
Safe,GaussianNB()21,0.6666666666666666,0.3333333333333333,0.6,0.42857142857142855,0.6421052631578947,0.23841582427170788
Safe,GaussianNB()22,0.7,0.75,0.6,0.6666666666666665,0.7000000000000002,0.408248290463863
Safe,GaussianNB()23,0.75,1.0,0.4444444444444444,0.6153846153846153,0.7222222222222222,0.5527707983925666
Safe,GaussianNB()24,0.64,0.2857142857142857,0.3333333333333333,0.30769230769230765,0.5350877192982456,0.06675015657623451
Safe,DecisionTreeClassifier(random_state=0)0,0.7368421052631579,0.5,0.6,0.5454545454545454,0.6928571428571428,0.36539907432351754
Safe,DecisionTreeClassifier(random_state=0)1,0.7368421052631579,0.5714285714285714,0.6666666666666666,0.6153846153846153,0.7179487179487178,0.4200412794412907
Safe,DecisionTreeClassifier(random_state=0)2,0.7272727272727273,0.4444444444444444,0.8,0.5714285714285714,0.7529411764705882,0.4311874002772672
Safe,DecisionTreeClassifier(random_state=0)3,0.6666666666666666,0.625,0.625,0.625,0.6625,0.325
Safe,DecisionTreeClassifier(random_state=0)4,0.75,0.5555555555555556,0.7142857142857143,0.6250000000000001,0.7394957983193278,0.44971201491459334
Safe,DecisionTreeClassifier(random_state=0)5,0.8095238095238095,0.8,0.5714285714285714,0.6666666666666666,0.75,0.5533985905294664
Safe,DecisionTreeClassifier(random_state=0)6,0.65,0.2857142857142857,0.5,0.36363636363636365,0.59375,0.15724272550828775
Safe,DecisionTreeClassifier(random_state=0)7,0.6666666666666666,0.4444444444444444,0.5714285714285714,0.5,0.6386554621848739,0.26035958758213296
Safe,DecisionTreeClassifier(random_state=0)8,0.631578947368421,0.5,0.42857142857142855,0.4615384615384615,0.5892857142857143,0.18531232916527532
Safe,DecisionTreeClassifier(random_state=0)9,0.9166666666666666,0.8571428571428571,0.8571428571428571,0.8571428571428571,0.8991596638655462,0.7983193277310925
Safe,DecisionTreeClassifier(random_state=0)10,0.72,0.75,0.5454545454545454,0.631578947368421,0.7012987012987013,0.42841224443765613
Safe,DecisionTreeClassifier(random_state=0)11,0.8181818181818182,0.7142857142857143,0.7142857142857143,0.7142857142857143,0.7904761904761906,0.580952380952381
Safe,DecisionTreeClassifier(random_state=0)12,0.7142857142857143,0.625,0.625,0.625,0.6971153846153846,0.3942307692307692
Safe,DecisionTreeClassifier(random_state=0)13,0.8095238095238095,0.8,0.5714285714285714,0.6666666666666666,0.75,0.5533985905294664
Safe,DecisionTreeClassifier(random_state=0)14,0.8333333333333334,1.0,0.5,0.6666666666666666,0.75,0.6324555320336759
Safe,DecisionTreeClassifier(random_state=0)15,0.7222222222222222,0.5,1.0,0.6666666666666666,0.8076923076923077,0.5547001962252291
Safe,DecisionTreeClassifier(random_state=0)16,0.68,0.5555555555555556,0.5555555555555556,0.5555555555555556,0.6527777777777778,0.3055555555555556
Safe,DecisionTreeClassifier(random_state=0)17,0.6842105263157895,0.4444444444444444,0.8,0.5714285714285714,0.7214285714285714,0.3905632887762015
Safe,DecisionTreeClassifier(random_state=0)18,0.5714285714285714,0.4444444444444444,0.5,0.47058823529411764,0.5576923076923077,0.11322770341445958
Safe,DecisionTreeClassifier(random_state=0)19,0.7619047619047619,0.5714285714285714,0.6666666666666666,0.6153846153846153,0.7333333333333333,0.4472135954999579
Safe,DecisionTreeClassifier(random_state=0)20,0.7692307692307693,0.8,0.6666666666666666,0.7272727272727272,0.7619047619047619,0.5367450401216932
Safe,DecisionTreeClassifier(random_state=0)21,0.7083333333333334,0.4,0.8,0.5333333333333333,0.7421052631578948,0.3988705859810952
Safe,DecisionTreeClassifier(random_state=0)22,0.65,0.8,0.4,0.5333333333333333,0.65,0.34641016151377546
Safe,DecisionTreeClassifier(random_state=0)23,0.7,0.7142857142857143,0.5555555555555556,0.6250000000000001,0.6868686868686869,0.38981938376529196
Safe,DecisionTreeClassifier(random_state=0)24,0.68,0.3333333333333333,0.3333333333333333,0.3333333333333333,0.5614035087719298,0.12280701754385964
Safe,KNeighborsClassifier()0,0.7368421052631579,0.5,1.0,0.6666666666666666,0.8214285714285714,0.5669467095138409
Safe,KNeighborsClassifier()1,0.631578947368421,0.42857142857142855,0.5,0.4615384615384615,0.596153846153846,0.18531232916527532
Safe,KNeighborsClassifier()2,0.5909090909090909,0.3333333333333333,0.8,0.47058823529411764,0.6647058823529413,0.2772413120334688
Safe,KNeighborsClassifier()3,0.6666666666666666,0.6666666666666666,0.5,0.5714285714285715,0.6500000000000001,0.31622776601683794
Safe,KNeighborsClassifier()4,0.625,0.4,0.5714285714285714,0.47058823529411764,0.6092436974789915,0.20143542511732357
Safe,KNeighborsClassifier()5,0.6190476190476191,0.46153846153846156,0.8571428571428571,0.6,0.6785714285714286,0.3466876226407682
Safe,KNeighborsClassifier()6,0.95,1.0,0.75,0.8571428571428571,0.875,0.8401680504168059
Safe,KNeighborsClassifier()7,0.7083333333333334,0.5,0.5714285714285714,0.5333333333333333,0.6680672268907563,0.3241018617760822
Safe,KNeighborsClassifier()8,0.7368421052631579,0.75,0.42857142857142855,0.5454545454545454,0.6726190476190477,0.408491223118783
Safe,KNeighborsClassifier()9,0.8333333333333334,0.6666666666666666,0.8571428571428571,0.75,0.8403361344537814,0.6390644422470537
Safe,KNeighborsClassifier()10,0.68,0.6666666666666666,0.5454545454545454,0.6,0.6655844155844155,0.3424747597107866
Safe,KNeighborsClassifier()11,0.8181818181818182,0.8,0.5714285714285714,0.6666666666666666,0.7523809523809524,0.561011491466461
Safe,KNeighborsClassifier()12,0.7142857142857143,0.6,0.75,0.6666666666666665,0.7211538461538461,0.4300756154038903
Safe,KNeighborsClassifier()13,0.6666666666666666,0.5,0.2857142857142857,0.36363636363636365,0.5714285714285714,0.17149858514250885
Safe,KNeighborsClassifier()14,0.7777777777777778,0.75,0.5,0.6,0.7083333333333334,0.472455591261534
Safe,KNeighborsClassifier()15,0.8888888888888888,0.8,0.8,0.8000000000000002,0.8615384615384616,0.7230769230769231
Safe,KNeighborsClassifier()16,0.8,0.6666666666666666,0.8888888888888888,0.761904761904762,0.8194444444444444,0.6138245895861674
Safe,KNeighborsClassifier()17,0.7368421052631579,0.5,1.0,0.6666666666666666,0.8214285714285714,0.5669467095138409
Safe,KNeighborsClassifier()18,0.7619047619047619,0.7142857142857143,0.625,0.6666666666666666,0.7355769230769231,0.4853626716970755
Safe,KNeighborsClassifier()19,0.7142857142857143,0.5,1.0,0.6666666666666666,0.8,0.5477225575051661
Safe,KNeighborsClassifier()20,0.5,0.42857142857142855,0.25,0.3157894736842105,0.48214285714285715,-0.04013939192492974
Safe,KNeighborsClassifier()21,0.7083333333333334,0.4,0.8,0.5333333333333333,0.7421052631578948,0.3988705859810952
Safe,KNeighborsClassifier()22,0.65,0.6666666666666666,0.6,0.631578947368421,0.6499999999999999,0.30151134457776363
Safe,KNeighborsClassifier()23,0.55,0.5,0.3333333333333333,0.4,0.5303030303030303,0.0657951694959769
Safe,KNeighborsClassifier()24,0.72,0.42857142857142855,0.5,0.4615384615384615,0.644736842105263,0.2753443958769674
Safe,MLPClassifier(random_state=0)0,0.631578947368421,0.4,0.8,0.5333333333333333,0.6857142857142857,0.32756920994133026
Safe,MLPClassifier(random_state=0)1,0.7368421052631579,0.6,0.5,0.5454545454545454,0.673076923076923,0.36539907432351754
Safe,MLPClassifier(random_state=0)2,0.8636363636363636,0.6666666666666666,0.8,0.7272727272727272,0.8411764705882352,0.6420707920165691
Safe,MLPClassifier(random_state=0)3,0.7777777777777778,0.75,0.75,0.75,0.7750000000000001,0.55
Safe,MLPClassifier(random_state=0)4,0.6666666666666666,0.42857142857142855,0.42857142857142855,0.42857142857142855,0.5966386554621849,0.19327731092436976
Safe,MLPClassifier(random_state=0)5,0.6190476190476191,0.4444444444444444,0.5714285714285714,0.5,0.6071428571428571,0.2041241452319315
Safe,MLPClassifier(random_state=0)6,0.8,0.5,0.75,0.6,0.78125,0.49099025303098287
Safe,MLPClassifier(random_state=0)7,0.6666666666666666,0.4444444444444444,0.5714285714285714,0.5,0.6386554621848739,0.26035958758213296
Safe,MLPClassifier(random_state=0)8,0.7368421052631579,0.6666666666666666,0.5714285714285714,0.6153846153846153,0.7023809523809523,0.4200412794412907
Safe,MLPClassifier(random_state=0)9,0.8333333333333334,0.7142857142857143,0.7142857142857143,0.7142857142857143,0.7983193277310925,0.5966386554621849
Safe,MLPClassifier(random_state=0)10,0.68,1.0,0.2727272727272727,0.42857142857142855,0.6363636363636364,0.4165977904505309
Safe,MLPClassifier(random_state=0)11,0.9090909090909091,0.7777777777777778,1.0,0.8750000000000001,0.9333333333333333,0.821020142307163
Safe,MLPClassifier(random_state=0)12,0.6666666666666666,0.5714285714285714,0.5,0.5333333333333333,0.6346153846153846,0.2773500981126146
Safe,MLPClassifier(random_state=0)13,0.8095238095238095,0.7142857142857143,0.7142857142857143,0.7142857142857143,0.7857142857142858,0.5714285714285714
Safe,MLPClassifier(random_state=0)14,0.6111111111111112,0.3333333333333333,0.16666666666666666,0.2222222222222222,0.5,0.0
Safe,MLPClassifier(random_state=0)15,0.8888888888888888,1.0,0.6,0.7499999999999999,0.8,0.7211102550927979
Safe,MLPClassifier(random_state=0)16,0.84,0.7272727272727273,0.8888888888888888,0.7999999999999999,0.8506944444444444,0.6782343280546951
Safe,MLPClassifier(random_state=0)17,0.7368421052631579,0.5,0.8,0.6153846153846154,0.7571428571428572,0.458682472293863
Safe,MLPClassifier(random_state=0)18,0.7619047619047619,0.7142857142857143,0.625,0.6666666666666666,0.7355769230769231,0.4853626716970755
Safe,MLPClassifier(random_state=0)19,0.6666666666666666,0.42857142857142855,0.5,0.4615384615384615,0.6166666666666667,0.22360679774997896
Safe,MLPClassifier(random_state=0)20,0.7692307692307693,0.875,0.5833333333333334,0.7000000000000001,0.755952380952381,0.5529203373641627
Safe,MLPClassifier(random_state=0)21,0.7916666666666666,0.5,0.6,0.5454545454545454,0.7210526315789474,0.4146442144313646
Safe,MLPClassifier(random_state=0)22,0.7,0.8333333333333334,0.5,0.625,0.7000000000000001,0.4364357804719848
Safe,MLPClassifier(random_state=0)23,0.65,0.6666666666666666,0.4444444444444444,0.5333333333333333,0.6313131313131313,0.28511240114923325
Safe,MLPClassifier(random_state=0)24,0.72,0.42857142857142855,0.5,0.4615384615384615,0.644736842105263,0.2753443958769674
